cik,fiscalYearEnd,low,high,method,rowHash,status,ticker,name,sic,revenue,auditedYears,loggedAt
1000228,2025-12-27,10703448403,15359123455,v3,cfa8c2e3582de7e9,open,HSIC,"HENRY SCHEIN, INC.",5047,13184000000,5,2026-09-23T14:36:14.877Z
1000230,2025-10-31,40218023,103135411,v3,d50a4ef1ef17edd1,open,OCC,OPTICAL CABLE CORPORATION,3357,73038213,5,2026-09-20T13:13:38.076Z
1001233,2025-12-31,10928504,67607857,v4.1,d0b0a6dc053cb19e,open,SGMOQ,"SANGAMO THERAPEUTICS, INC.",2836,39552000,5,2026-09-24T16:08:28.715Z
1001233,2025-12-31,14345662,36788128,v3,cee587ac2262def4,open,SGMOQ,"SANGAMO THERAPEUTICS, INC.",2836,39552000,5,2026-09-20T13:13:10.453Z
1001250,2026-06-30,11969391625,16700267670,v3,8d2f1f16d50c66ff,open,EL,Estee Lauder Companies Inc,2844,15049000000,5,2026-09-20T13:13:44.655Z
1001250,2026-06-30,13290684409,16416056170,v4.1,4c979d4423ca4bd5,open,EL,Estee Lauder Companies Inc,2844,15049000000,5,2026-09-24T21:30:23.105Z
1002047,2026-04-24,5480506770,8128108514,v2,1cfbe7fe582ac9ef,open,NTAP,"NetApp, Inc.",3572,6925000000,5,2026-09-19T16:33:58.731Z
1002047,2026-04-24,5480506770,8128108514,v3,43fa931da5883100,open,NTAP,"NetApp, Inc.",3572,6925000000,5,2026-09-20T13:12:37.551Z
1002047,2026-04-24,6429785826,7718597166,v4.1,64bd01ffd1e12592,open,NTAP,"NetApp, Inc.",3572,6925000000,5,2026-09-24T13:29:34.277Z
1002047,2026-04-24,7086210028,7296960590,v1,c75d7d2b1f6c3075,open,NTAP,"NetApp, Inc.",3572,6925000000,5,2026-09-19T16:24:05.541Z
1003078,2025-08-30,2855901418,4235571198,v3,a55c682be1b34e5e,open,MSM,"MSC INDUSTRIAL DIRECT CO., INC.",5084,3769521000,5,2026-09-20T13:12:57.265Z
1003078,2025-08-30,3250423084,4146223438,v4.1,81f66cb006983d4a,open,MSM,"MSC INDUSTRIAL DIRECT CO., INC.",5084,3769521000,5,2026-09-25T16:16:03.712Z
1004155,2015-12-31,2645263362,3923175093,v3,cf8908238493cdc2,void,,The Southern Company,4924,3941000000,5,2026-09-20T13:14:25.301Z
10048,2025-09-30,5489526,19666978,v4.1,e284ec994978cb0e,open,BRN,"BARNWELL INDUSTRIES, INC.",1311,13697000,5,2026-09-24T13:33:15.887Z
10048,2025-09-30,5509397,14128341,v3,142bfae79f124a08,open,BRN,"BARNWELL INDUSTRIES, INC.",1311,13697000,5,2026-09-20T13:12:37.119Z
1005101,2026-06-30,14630782,41207457,v4.1,36c3aceb5640b1a6,open,MGLD,"THE     MARYGOLD COMPANIES, INC.",6199,25313000,5,2026-09-24T14:20:34.585Z
1005229,2026-03-31,1102698097,1634289258,v3,17b3cef8edd3996b,open,CMCO,COLUMBUS MCKINNON CORP,3531,1193451000,5,2026-09-23T14:35:29.813Z
100591,2026-01-31,781220535,1344211232,v3,8425e7ed8baf41c3,open,AGX,ARGAN INC,1700,944606000,5,2026-09-20T13:13:47.150Z
1006045,2026-01-03,28213682,72351384,v3,c29c95d6b48713c2,open,IRIX,IRIDEX CORP,3845,52675000,5,2026-09-20T13:14:26.060Z
1006655,2026-06-30,30378524,195382558,v4.1,5f3ba6fde9712f79,open,EPM,EVOLUTION PETROLEUM CORP,1311,86343000,5,2026-09-24T22:30:19.373Z
1006655,2026-06-30,42315764,108514874,v3,216eae1c6b092ccb,open,EPM,EVOLUTION PETROLEUM CORP,1311,86343000,5,2026-09-20T13:12:24.008Z
1006830,2026-06-30,2716467,6966130,v3,3cd18824d08ebfba,open,CBKM,"CONSUMERS BANCORP, INC.",6021,4913000,5,2026-09-20T13:13:45.252Z
1006830,2026-06-30,3553440,7316705,v4.1,d3389c24ababff6c,open,CBKM,"CONSUMERS BANCORP, INC.",6021,4913000,5,2026-09-24T15:11:05.225Z
1006837,2025-12-31,934198514,1648357672,v4.1,3259f3d04db6d70f,open,VATE,INNOVATE CORP.,3440,1246000000,5,2026-09-24T19:03:50.332Z
1006837,2025-12-31,965290937,1431617515,v3,bec2650b77166915,open,VATE,INNOVATE CORP.,3440,1246000000,5,2026-09-20T13:12:39.058Z
1007019,2025-10-31,59216957,151856424,v3,a5bc724b9cd1d4d5,open,JVA,"COFFEE HOLDING CO., INC.",2090,96283547,5,2026-09-20T13:13:36.763Z
1007019,2025-10-31,79688261,152237280,v4.1,fdd9606e9b2b795e,open,JVA,"COFFEE HOLDING CO., INC.",2090,96283547,5,2026-09-24T14:25:28.703Z
100726,2026-06-28,350216346,602601602,v3,fd26372c8c6dd0ce,open,UFI,"UNIFI, INC.",2200,531303000,5,2026-09-20T13:12:26.091Z
100726,2026-06-28,387324924,619383018,v4.1,c2016b880a37ce15,open,UFI,"UNIFI, INC.",2200,531303000,5,2026-09-24T19:08:58.846Z
1011060,2025-03-31,4163,10675,v3,d101bab629cb7066,void,NORD,NORDICUS PARTNERS CORPORATION,8742,5000,5,2026-09-20T13:13:08.826Z
1011509,2023-12-31,5632646,14444400,v3,304c3fa915a678c7,void,AUMN,Golden Minerals Company,1040,12002000,5,2026-09-20T13:13:49.866Z
1013272,2025-12-31,4273380,10958689,v3,344e830322faaabd,open,NWFL,Norwood Financial Corp,6022,7999000,5,2026-09-20T13:12:57.010Z
1013488,2025-12-30,1095310773,1624449197,v3,45ef298c6c1b83c1,open,BJRI,"BJ’S RESTAURANTS, INC.",5812,1399126000,5,2026-09-20T13:12:46.680Z
1013488,2025-12-30,1259064484,1574449557,v4.1,36140a615426a6d6,open,BJRI,"BJ’S RESTAURANTS, INC.",5812,1399126000,5,2026-09-24T19:25:46.492Z
1017655,2025-12-31,11817133,30303947,v3,5018351b4f15f839,open,PAYD,PAID INC,7389,20708235,5,2026-09-20T13:12:27.071Z
1018164,2025-12-31,669157648,1151389635,v3,ecfe57acd31b7f50,open,WLFC,WILLIS LEASE FINANCE CORP,5080,730241000,5,2026-09-20T13:12:46.524Z
101829,2025-12-31,76108559466,106190302311,v3,31494900e63ed992,open,RTX,RTX CORPORATION,3724,88603000000,5,2026-09-20T13:14:01.850Z
101829,2025-12-31,86270924476,102437968709,v4.1,babb25e3e7287aef,open,RTX,RTX CORPORATION,3724,88603000000,5,2026-09-24T22:52:50.323Z
1018724,2025-12-31,628859045912,877414218121,v3,0904125907b9ef1c,open,AMZN,AMAZON COM INC,5961,716924000000,5,2026-09-20T12:52:48.599Z
1018724,2025-12-31,728542691978,829739253490,v4.1,537e76ec371c6e2f,open,AMZN,AMAZON COM INC,5961,716924000000,5,2026-09-24T14:30:36.909Z
1019034,2025-12-31,2787512,7148316,v3,c13eb1aa022c8baf,open,BKYI,BIO KEY INTERNATIONAL INC,7372,5937555,5,2026-09-20T13:13:26.018Z
102037,2026-03-31,2327873976,3450100661,v3,bbb9cdb01f9ad32d,open,UVV,UNIVERSAL CORPORATION,5150,2885078000,5,2026-09-21T14:14:30.446Z
102037,2026-03-31,2544875653,3213926493,v4.1,8a69b7e4b7dc19d9,open,UVV,UNIVERSAL CORPORATION,5150,2885078000,5,2026-09-24T16:24:48.438Z
1020859,2026-08-01,24260360933,33849215906,v3,103610f2f3377a85,open,UNFI,"UNITED NATURAL FOODS, INC.",5141,31152000000,5,2026-09-20T13:13:51.940Z
1020859,2026-08-01,28002883382,32117491765,v4.1,ed74717bf3162bc3,open,UNFI,"UNITED NATURAL FOODS, INC.",5141,31152000000,5,2026-09-24T16:30:24.624Z
1022344,2015-12-31,4312394248,6395687457,v3,51ef69d850e8b619,void,,SIMON PROPERTY GROUP L P,6798,5266103000,5,2026-09-20T13:13:07.998Z
1023459,2025-08-31,46763852,119921585,v3,86acd552e2c24dca,open,SLP,"Simulations Plus, Inc.",7373,79179000,5,2026-09-20T13:14:12.569Z
1023731,2026-03-31,523016531,899931150,v3,1de1f9d3719b0cfc,open,EGHT,"8x8, Inc.",7374,735752000,5,2026-09-20T13:13:15.985Z
1024305,2026-06-30,4414226073,6546713659,v3,429e5f08facceb64,open,COTY,COTY INC.,2844,5806600000,5,2026-09-20T13:13:14.844Z
1024305,2026-06-30,5062929614,6359312835,v4.1,13ea75ada1a5abbf,open,COTY,COTY INC.,2844,5806600000,5,2026-09-24T22:30:18.316Z
1024478,2025-09-30,7180155193,9568165694,v4.1,718f766cac7be700,open,ROK,"Rockwell Automation, Inc.",3829,8342000000,5,2026-09-25T13:57:53.421Z
1025378,2025-12-31,1392885864,2065781127,v3,09ed0a0b1e605d2a,open,WPC,W. P. Carey Inc.,6798,1716485000,5,2026-09-20T13:13:08.079Z
1030894,2025-12-31,12028324583,16782493753,v3,b2c966c4f2e2a20b,open,CLS,CELESTICA INC,3672,12390900000,4,2026-09-20T13:13:04.231Z
1030894,2025-12-31,13464879233,16375293890,v4.1,95e6f8e613cf08ec,open,CLS,CELESTICA INC,3672,12390900000,4,2026-09-25T15:28:23.588Z
1031203,2025-12-31,19865865480,27717805669,v3,0042b9df3a0ab836,open,GPI,"Group 1 Automotive, Inc",5500,22571400000,5,2026-09-20T13:13:30.421Z
1031203,2025-12-31,22037366148,27390534974,v4,492e9cba6ed3a3ac,open,GPI,"Group 1 Automotive, Inc",5500,22571400000,5,2026-09-24T12:38:00.050Z
1031203,2025-12-31,22793689033,26443690219,v4.1,3912d488879e17c4,open,GPI,"Group 1 Automotive, Inc",5500,22571400000,5,2026-09-24T13:38:28.531Z
1031296,2025-12-31,13036641791,18707185121,v3,f667a71d6357f8d7,open,FE,FIRSTENERGY CORP,4911,15090000000,5,2026-09-20T12:38:18.782Z
1031308,2025-12-31,1266810398,1878799318,v3,8bf351b4b01d418a,open,BSY,"BENTLEY SYSTEMS, INCORPORATED",7372,1501779000,5,2026-09-20T13:12:57.643Z
1035002,2025-12-31,81223594898,142569062233,v4.1,9d05841d246b7438,open,VLO,VALERO ENERGY CORP/TX,2911,122687000000,5,2026-09-24T16:59:50.593Z
1035002,2025-12-31,88760158867,127368132828,v3,4c91525e67f23490,open,VLO,VALERO ENERGY CORP/TX,2911,122687000000,5,2026-09-21T14:14:44.434Z
1035354,2025-12-31,0,0,v3,0c0deb1afe843f4f,open,ELOX,"ELOXX PHARMACEUTICALS, INC.",2836,,5,2026-09-20T13:14:27.410Z
1035443,2025-12-31,2622449290,3417149903,v4.1,d29651250f8a058f,open,ARE,"ALEXANDRIA REAL ESTATE EQUITIES, INC.",6798,3026556000,5,2026-09-25T13:58:47.475Z
103595,2025-07-26,1832706200,2718076173,v3,d62e6fa3e074d3df,void,VLGEA,"VILLAGE SUPER MARKET, INC.",5411,2320690000,5,2026-09-20T13:12:38.144Z
1036044,2025-12-31,6860841,31125781,v4.1,92ecafac33520027,open,INVE,"IDENTIV, INC.",3577,21484000,5,2026-09-24T19:05:26.246Z
1036044,2025-12-31,7732873,19830240,v3,39e3ccb4dfac5c86,open,INVE,"IDENTIV, INC.",3577,21484000,5,2026-09-20T13:12:53.246Z
1037976,2025-12-31,22408140594,31264909500,v3,d2d08c351194509f,open,JLL,JONES LANG LASALLE INC,6531,26115600000,5,2026-09-20T13:13:52.971Z
1037976,2025-12-31,25448437822,30107958246,v4.1,85d65e61ba026e45,open,JLL,JONES LANG LASALLE INC,6531,26115600000,5,2026-09-24T15:35:48.201Z
1039684,2025-12-31,32552130350,57896269489,v4.1,4e05cd08f25de9d0,open,OKE,ONEOK INC /NEW/,4923,33629000000,5,2026-09-24T15:48:47.065Z
1039684,2025-12-31,35818783912,51398867299,v3,8a39a7b334c0c913,open,OKE,ONEOK INC /NEW/,4923,33629000000,5,2026-09-20T14:27:03.632Z
1039828,2025-12-31,7792992771,11557743389,v3,67ea42334c2b3deb,open,ANG-PD,American National Group Inc.,6311,7487000000,5,2026-09-20T13:13:45.238Z
1040130,2026-03-31,105293409,181173658,v3,2cf611d40d3111a7,open,PETS,"PETMED EXPRESS, INC.",5912,179021000,5,2026-09-20T13:14:23.955Z
1040130,2026-03-31,120828042,179206119,v4.1,67e4913d9e77e3d0,open,PETS,"PETMED EXPRESS, INC.",5912,179021000,5,2026-09-24T13:33:16.872Z
1040829,2025-12-31,2181639348,3235576947,v3,de6e6286c82c509c,open,RHP,"Ryman Hospitality Properties, Inc.",6798,2577061000,5,2026-09-20T13:13:04.056Z
1041514,2026-06-30,502825476,1221505846,v4.1,72a24950d213ec54,open,LSAK,"LESAKA TECHNOLOGIES, INC.",6099,721554000,5,2026-09-24T21:30:24.486Z
1041514,2026-06-30,558069143,960244612,v3,f0dc54de608ab1cc,open,LSAK,"LESAKA TECHNOLOGIES, INC.",6099,721554000,5,2026-09-20T13:13:23.388Z
1042776,2025-12-31,394916326,679514859,v3,eee9101f699289a5,open,PDM,"Piedmont Realty Trust, Inc.",6512,564994000,5,2026-09-20T13:14:26.751Z
1042776,2025-12-31,486070733,624894692,v4.1,31728dc8cbb19d91,open,PDM,"Piedmont Realty Trust, Inc.",6512,564994000,5,2026-09-24T17:18:22.480Z
1043337,2025-12-31,686797727,970817797,v4.1,faaa394949430608,open,SRI,"Stoneridge, Inc.",3714,861263000,5,2026-09-24T13:37:13.421Z
1045810,2026-01-25,269442865143,528099631671,v4.1,1b3cda3770bef684,open,NVDA,NVIDIA CORP,3674,215938000000,5,2026-09-24T14:22:10.862Z
1045810,2026-01-25,297902055658,486687552713,v4,3eeea9c00dc39910,open,NVDA,NVIDIA CORP,3674,215938000000,5,2026-09-24T13:13:16.755Z
1045810,2026-01-25,308929523237,431033246397,v2,f4a3e44095c334bb,open,NVDA,NVIDIA CORP,3674,215938000000,5,2026-09-20T12:20:28.938Z
1045810,2026-01-25,311928838997,447608412437,v3,f51578e65dc77f08,open,NVDA,NVIDIA CORP,3674,215938000000,5,2026-09-20T12:34:08.771Z
1046102,2025-12-31,4283194053,6352380813,v3,9d3f59ee3cd21993,open,RBA,"RB Global, Inc",7389,4590700000,5,2026-09-20T13:12:44.545Z
1046311,2025-12-31,1245203429,1846754145,v3,b704101210df269a,open,CHH,CHOICE HOTELS INTERNATIONAL INC /DE,7011,1596793000,5,2026-09-20T13:12:47.390Z
1048286,2025-12-31,22491869808,31871149698,v4.1,94bb1ae92f568f44,open,MAR,MARRIOTT INTERNATIONAL INC /MD/,7011,26186000000,5,2026-09-25T13:58:32.134Z
1048477,2025-12-31,2794591782,4144643225,v3,31dc02de6783d411,open,BMRN,BIOMARIN PHARMACEUTICAL INC,2834,3221253000,5,2026-09-20T13:13:26.753Z
104894,2024-12-31,208799282,335592963,v3,acc54bda794affca,void,ELME,ELME COMMUNITIES,6798,241935000,5,2026-09-21T14:14:44.996Z
1049521,2026-07-03,718755225,1236729967,v3,1e60fb77f4bfc8ed,open,MRCY,"Mercury Systems, Inc.",3670,983622000,5,2026-09-20T13:13:50.590Z
1049521,2026-07-03,849852762,1185808554,v4.1,63f48ae69ae4c805,open,MRCY,"Mercury Systems, Inc.",3670,983622000,5,2026-09-24T16:30:28.958Z
105016,2025-12-31,5361275387,7951277127,v3,f621ba0fd12935a6,open,WSO,"WATSCO, INC.",5070,7239290000,5,2026-09-20T13:13:29.102Z
1050446,2025-12-31,337496002,580714275,v3,8ba17564cd0d7dd7,open,MSTR,STRATEGY INC,6199,477233000,5,2026-09-20T13:13:45.710Z
1050915,2025-12-31,26630172733,37155690673,v3,ad2653412a8c3dd9,open,PWR,"QUANTA SERVICES, INC.",1731,28479697000,5,2026-09-20T13:13:09.515Z
1051512,2025-12-31,760385974,1126954543,v3,fcc43c7854cf2546,open,TDS,"TELEPHONE AND DATA SYSTEMS, INC.",4813,1228207000,5,2026-09-20T15:24:14.318Z
1053507,2025-12-31,10052333837,11468075083,v4.1,b93a195e7bdc1c77,open,AMT,AMERICAN TOWER CORP /MA/,6798,10644600000,5,2026-09-24T19:54:57.943Z
1053507,2025-12-31,8684616155,12117191829,v3,0535ad6868e114ef,open,AMT,AMERICAN TOWER CORP /MA/,6798,10644600000,5,2026-09-20T13:14:23.126Z
1053691,2025-12-31,1888515,4842922,v3,ab172bfbd5df4f19,open,CRVO,CervoMed Inc.,2834,4006510,5,2026-09-20T13:13:51.173Z
1058811,2026-04-30,3071179474,4554848863,v3,4cb2b7119fdd0813,open,IMMR,Immersion Corporation,3577,1730694000,5,2026-09-20T13:14:09.896Z
1058811,2026-04-30,3510412833,4439730198,v4.1,28df807a0780fa34,open,IMMR,Immersion Corporation,3577,1730694000,5,2026-09-24T14:23:41.625Z
1059142,2025-12-31,43434236,111383092,v3,47ff31a3d47b6477,open,GHI,GREYSTONE HOUSING IMPACT INVESTORS LP,6199,85389766,5,2026-09-20T13:13:47.810Z
1061983,2025-12-31,131661046,337632606,v3,829b67dd98b1fe91,open,CYTK,"CYTOKINETICS, INCORPORATED",2834,88039000,5,2026-09-20T13:13:25.296Z
1064728,2025-12-31,2596047805,4591671667,v4.1,6820ae7da4a44e59,open,BTU,PEABODY ENERGY CORP,1221,3861500000,5,2026-09-24T15:49:01.390Z
1064728,2025-12-31,2685680951,3983118189,v3,984dfe6083bc1b45,open,BTU,PEABODY ENERGY CORP,1221,3861500000,5,2026-09-20T13:13:28.169Z
1065059,2025-12-31,341250697,587174810,v3,885449d6b5309a3b,open,LEU,CENTRUS ENERGY CORP,1400,448700000,5,2026-09-20T13:12:47.094Z
1065059,2025-12-31,385499101,590358343,v4.1,5e5dae5490a072a2,open,LEU,CENTRUS ENERGY CORP,1400,448700000,5,2026-09-24T16:22:51.773Z
1065078,2025-12-31,64886,166394,v3,f8217b28907cf86d,open,NTIP,"NETWORK-1 TECHNOLOGIES, INC.",6794,150000,5,2026-09-20T13:12:47.914Z
106532,2025-12-31,200223042,322375073,v4.1,7208490e09d24a08,open,WEYS,"WEYCO GROUP, INC.",5130,276169000,5,2026-09-25T13:57:58.999Z
1067701,2025-12-31,13630868252,19018439327,v3,b3cf525ed9f50329,open,URI,"United Rentals, Inc.",7359,16099000000,5,2026-09-20T13:12:30.137Z
1068689,2025-12-31,2151657,9674957,v4.1,64eca41837ae6123,open,ATDS,"DATA443 RISK MITIGATION, INC.",7372,4421211,5,2026-09-25T07:41:03.767Z
1068689,2025-12-31,2414550,6191890,v3,853728abc25ec473,open,ATDS,"DATA443 RISK MITIGATION, INC.",7372,4421211,5,2026-09-20T13:12:36.252Z
1069183,2025-12-31,2812636498,4171405242,v3,7b3f22be20c0a8ba,open,AXON,"AXON ENTERPRISE, INC.",3480,2779536000,5,2026-09-20T13:13:46.644Z
1069183,2025-12-31,3319227140,3938050026,v4.1,8ad33d2adbcaf241,open,AXON,"AXON ENTERPRISE, INC.",3480,2779536000,5,2026-09-24T18:55:37.280Z
1069202,2025-12-31,4142732777,6139870646,v3,dee004745a0b3214,open,LII,LENNOX INTERNATIONAL INC,3585,5195300000,5,2026-09-21T14:14:40.818Z
1069202,2025-12-31,4579425732,5656421252,v4.1,2eb835d2924ce9e5,open,LII,LENNOX INTERNATIONAL INC,3585,5195300000,5,2026-09-24T16:25:24.461Z
1069899,2026-06-30,1405988886,2083791148,v3,61d01eb624260f91,open,PAHC,Phibro Animal Health Corporation,2834,1518093000,5,2026-09-21T16:11:31.530Z
1069899,2026-06-30,1523651791,1958237204,v4.1,69dfe1fe3f2ffd8b,open,PAHC,Phibro Animal Health Corporation,2834,1518093000,5,2026-09-24T15:49:44.868Z
1070081,2025-12-31,2300824905,3412340370,v3,547b505773250ad6,open,PTCT,"PTC Therapeutics, Inc.",2834,1730655000,5,2026-09-20T13:12:38.150Z
1070412,2025-12-31,1266102633,8390776506,v4.1,e6b8a485f6ebdea4,open,CNX,CNX Resources Corporation,1311,2239134000,5,2026-09-24T15:48:30.705Z
1070412,2025-12-31,2651978629,3930450408,v3,f88db651ec81e23d,open,CNX,CNX Resources Corporation,1311,2239134000,5,2026-09-23T14:36:16.396Z
1070423,2025-12-31,31576270951,44056723470,v3,362d5d92fef3520d,open,PAA,PLAINS ALL AMERICAN PIPELINE LP,4610,44262000000,5,2026-09-20T13:12:28.379Z
1070494,2025-12-31,974693698,1445562696,v3,95a994be36fdb01e,open,ACAD,ACADIA PHARMACEUTICALS INC.,2834,1071505000,5,2026-09-20T13:13:54.589Z
1070524,2019-06-30,2381735,6107741,v3,8ebfd744dc908dd0,void,GCBC,"GREENE COUNTY BANCORP, INC.",6036,4117000,2,2026-09-20T13:13:43.097Z
1070789,2025-12-31,4157,7465,v3,d8239590f377ae84,open,HYOR,HyOrc Corporation,8711,59124,2,2026-09-20T14:14:07.348Z
1071739,2025-12-31,176964238472,253938308799,v3,6aaa4433b933c16f,open,CNC,CENTENE CORPORATION,6324,194777000000,5,2026-09-20T15:24:06.700Z
107263,2025-12-31,11163145803,20518864072,v4.1,17ca07dad94c93a7,open,WMB,"WILLIAMS COMPANIES, INC.",4922,14899000000,5,2026-09-24T18:53:43.824Z
107263,2025-12-31,12496661971,17932330474,v3,96bc6ecd0d525e7c,open,WMB,"WILLIAMS COMPANIES, INC.",4922,14899000000,5,2026-09-20T14:07:05.628Z
1074828,2023-09-30,0,0,v3,46ee431d57c814e6,void,USBC,"USBC, INC.",6199,,5,2026-09-20T15:22:33.898Z
1077428,2011-12-31,62220,111724,v3,8391a26d0c63a933,void,TCBI,TEXAS CAPITAL BANCSHARES INC/TX,6022,149000,3,2026-09-20T13:58:28.083Z
1077688,2026-02-01,165990364,309582435,v4.1,9e74841ee3353176,open,HOFT,HOOKER FURNISHINGS CORPORATION,2510,278139000,5,2026-09-25T15:01:24.069Z
1077688,2026-02-01,181853145,292283744,v3,3a12754f81455b93,open,HOFT,HOOKER FURNISHINGS CORPORATION,2510,278139000,5,2026-09-20T15:21:31.169Z
1078075,2026-03-31,686181263,1102865878,v3,2ab62675b99a89f0,open,NTCT,NETSCOUT SYSTEMS INC,7373,859482000,5,2026-09-20T14:07:04.370Z
1078075,2026-03-31,744300767,976195242,v4.1,300400a0c4fbd0c5,open,NTCT,NETSCOUT SYSTEMS INC,7373,859482000,5,2026-09-25T04:57:11.764Z
1078271,2026-06-30,1081330543,1602620786,v3,70588a2b7af5fd75,open,EXTR,"Extreme Networks, Inc.",3576,1283593000,5,2026-09-21T16:12:33.103Z
1078271,2026-06-30,1124756066,1569144855,v4.1,6d302ebb2f2dc76e,open,EXTR,"Extreme Networks, Inc.",3576,1283593000,5,2026-09-24T14:23:22.367Z
1080657,2025-12-31,11540252,20721821,v3,dcd97dc4f5abd20b,open,SQFT,"PRESIDIO PROPERTY TRUST, INC.",6798,16814708,5,2026-09-20T15:22:29.800Z
1082554,2025-12-31,2893496054,4288399093,v3,3bf707e2081d69f3,open,UTHR,United Therapeutics Corporation,2834,3182700000,5,2026-09-20T15:23:51.895Z
1082554,2025-12-31,3221360894,3922675156,v4.1,a06fbf154cfd7554,open,UTHR,United Therapeutics Corporation,2834,3182700000,5,2026-09-25T12:53:31.492Z
108312,2025-09-30,3144683991,4660680272,v3,d13188dea882f7ac,open,WWD,"WOODWARD, INC.",3620,3567064000,5,2026-09-20T15:19:14.818Z
108312,2025-09-30,3464594713,4308061601,v4.1,f499f03445002cf2,open,WWD,"WOODWARD, INC.",3620,3567064000,5,2026-09-24T13:29:18.777Z
1083446,2025-12-31,3757884916,5569494469,v3,fea4227fa0748cda,open,ASTH,"Astrana Health, Inc.",8742,3181769000,5,2026-09-20T15:20:30.044Z
1083743,2026-06-30,15601252,61298827,v4.1,a741f612cc7d702c,open,FLUX,"FLUX POWER HOLDINGS, INC.",3690,42132000,5,2026-09-24T19:14:17.283Z
1083743,2026-06-30,23084145,41450178,v3,696dd7dc2487fd0d,open,FLUX,"FLUX POWER HOLDINGS, INC.",3690,42132000,5,2026-09-20T14:03:57.629Z
108385,2026-03-31,466184686,749276046,v3,760edf5939800f86,open,WRLD,WORLD ACCEPTANCE CORP,6141,585166700,5,2026-09-22T14:25:09.638Z
108385,2026-03-31,504556105,664741001,v4.1,6c1e262246b17c49,open,WRLD,WORLD ACCEPTANCE CORP,6141,585166700,5,2026-09-24T18:32:17.356Z
1084765,2026-05-30,262590971,451828539,v2,54b54603e3ce98c9,open,RGP,"RESOURCES CONNECTION, INC.",7389,452006000,5,2026-09-19T16:33:47.512Z
1084765,2026-05-30,284365512,474691804,v4.1,fcc6e70c3c932b61,open,RGP,"RESOURCES CONNECTION, INC.",7389,452006000,5,2026-09-24T22:32:09.267Z
1084765,2026-05-30,295059484,474234805,v3,897eb6955300876c,open,RGP,"RESOURCES CONNECTION, INC.",7389,452006000,5,2026-09-20T14:11:28.737Z
1084765,2026-05-30,370574889,391349262,v1,d7cf26b26f6c80c8,open,RGP,"RESOURCES CONNECTION, INC.",7389,452006000,5,2026-09-19T16:27:29.080Z
108516,2026-05-31,1017339736,1507781148,v3,6e20f6a5b09cbccc,open,WOR,"WORTHINGTON ENTERPRISES, INC.",3310,1381292000,5,2026-09-20T15:19:17.205Z
1086222,2025-12-31,3984237541,4705407373,v4.1,fb8d6d55a1025242,open,AKAM,"Akamai Technologies, Inc",7389,4208175000,5,2026-09-25T14:00:15.539Z
1087294,2025-12-31,35863900,64397667,v3,b2f6992ff8392dfa,open,CPIX,Cumberland Pharmaceuticals Inc.,2834,44521431,5,2026-09-20T15:18:37.594Z
1088856,2025-12-31,742895620,1049581960,v4.1,bcf7009ffb2d87d0,open,CORT,CORCEPT THERAPEUTICS INC,2834,761407000,5,2026-09-24T14:21:20.877Z
1090009,2025-12-31,5241197,9411159,v3,798c4a588682070c,open,SFST,"Southern First Bancshares, Inc.",6021,6282000,5,2026-09-20T15:24:46.353Z
1090872,2025-10-31,5725017121,8484946160,v3,3781f2cc76e02d4d,open,A,"AGILENT TECHNOLOGIES, INC.",3826,6948000000,5,2026-09-20T15:20:39.107Z
109198,2026-01-31,50484409806,70438263146,v2,7a3a79c6a4497a4b,open,TJX,"The TJX Companies, Inc.",5651,60372000000,5,2026-09-19T16:33:54.853Z
109198,2026-01-31,50484409806,70438263146,v3,4251bdaa2d41fa4c,open,TJX,"The TJX Companies, Inc.",5651,60372000000,5,2026-09-20T13:09:42.150Z
109198,2026-01-31,52053345973,74081866938,v4.1,c57a115d130f4311,open,TJX,"The TJX Companies, Inc.",5651,60372000000,5,2026-09-24T20:23:39.552Z
109198,2026-01-31,63747740929,64669595174,v1,7e71b5fb47638967,open,TJX,"The TJX Companies, Inc.",5651,60372000000,5,2026-09-19T16:24:02.560Z
1092796,2026-04-30,440837519,708536773,v3,4ea2ca340af31154,open,SWBI,"Smith & Wesson Brands, Inc.",3480,523845000,5,2026-09-20T15:23:00.731Z
1093557,2025-12-31,4312226112,6391073705,v3,9804f54da24e93e0,open,DXCM,"DEXCOM, INC.",3841,4662000000,5,2026-09-20T14:04:32.193Z
1093557,2025-12-31,4806603751,5839022715,v4.1,3bbb53c6cb3a7ac4,open,DXCM,"DEXCOM, INC.",3841,4662000000,5,2026-09-25T16:16:23.430Z
1093691,2025-12-31,514583140,1079539358,v4.1,34a670e489e57326,open,PLUG,PLUG POWER INC,3620,709919000,5,2026-09-24T14:21:44.979Z
1093691,2025-12-31,597221401,959885005,v3,78b0c7e3227537f5,open,PLUG,PLUG POWER INC,3620,709919000,5,2026-09-22T21:26:00.901Z
1095565,2025-12-31,250289554,402278267,v3,52209a5b80bf7810,open,HSTM,HEALTHSTREAM INC,7370,304064000,5,2026-09-20T14:27:06.473Z
1095565,2025-12-31,276066063,349935709,v4.1,1a73a8a9a02bc53f,open,HSTM,HEALTHSTREAM INC,7370,304064000,5,2026-09-24T16:44:01.125Z
1095565,2025-12-31,279224205,345029198,v4,8fb07f6e4e7ab6f0,open,HSTM,HEALTHSTREAM INC,7370,304064000,5,2026-09-24T13:04:52.568Z
1095981,2025-12-31,2998331,8886170,v4.1,bc3b06e4c50bfb39,open,CNSY,"CERENOME, INC.",3841,5213000,5,2026-09-24T17:32:55.350Z
1095981,2025-12-31,3862344,6935273,v3,7178b98daef4fb21,open,CNSY,"CERENOME, INC.",3841,5213000,5,2026-09-20T14:27:03.811Z
1096056,2025-12-31,295764313,475367641,v3,442a67d42c49373f,open,LXFR,Luxfer Holdings PLC,2810,384600000,5,2026-09-20T15:23:01.551Z
1096275,2025-12-31,41761974,74988322,v3,959159df2b720057,open,WKSP,Worksport Ltd,3714,16101738,5,2026-09-20T15:24:06.900Z
1096343,2025-12-31,13160464578,18884867060,v3,d86ffd6cca85eb9d,open,MKL,MARKEL GROUP INC.,6331,15513233000,5,2026-09-20T15:22:40.030Z
1096343,2025-12-31,14060493499,18353533546,v4.1,ef252f6a7ab753b8,open,MKL,MARKEL GROUP INC.,6331,15513233000,5,2026-09-25T05:27:51.465Z
1096752,2025-09-30,1984553263,2365090913,v4.1,2f108e0fdc9b7ff8,open,EPC,EDGEWELL PERSONAL CARE COMPANY,2844,2223500000,5,2026-09-24T14:18:52.737Z
1099590,2025-12-31,31739994605,45545928493,v3,93b5fb76c2734926,open,MELI,"MercadoLibre, Inc.",7389,28893000000,5,2026-09-20T14:14:02.312Z
1099590,2025-12-31,35906039086,42015004024,v4.1,0f2cf85dd08a0cfc,open,MELI,"MercadoLibre, Inc.",7389,28893000000,5,2026-09-24T19:35:10.717Z
1099800,2025-12-31,5364076991,7950003205,v3,1a282c622e998a31,open,EW,Edwards Lifesciences Corporation,3842,6067600000,5,2026-09-20T15:20:51.341Z
1099800,2025-12-31,5592379574,7765990202,v4.1,90ae1a13c13b8bd7,open,EW,Edwards Lifesciences Corporation,3842,6067600000,5,2026-09-24T19:02:37.361Z
1101215,2020-12-31,3143359742,4658717626,v3,4008d700283eb2db,void,BFH,"BREAD FINANCIAL HOLDINGS, INC.",6141,4521400000,5,2026-09-20T15:22:59.741Z
1102993,2025-12-31,148181642,234913929,v4.1,7f7a001d1303d5fb,open,LPSN,"LIVEPERSON, INC.",7372,243742000,5,2026-09-24T16:23:27.687Z
1102993,2025-12-31,149912388,240946913,v3,ee68a0592aa323a2,open,LPSN,"LIVEPERSON, INC.",7372,243742000,5,2026-09-20T14:01:59.333Z
1103982,2025-12-31,32395102616,46485988597,v3,0cda1d1616fea07f,open,MDLZ,"Mondelez International, Inc.",2000,38537000000,5,2026-09-21T08:04:20.473Z
110471,2026-01-03,1370725922,2338335549,v4.1,a3ba2f8d732a2475,open,WWW,"WOLVERINE WORLD WIDE, INC.",3140,1874300000,5,2026-09-24T14:33:35.539Z
110471,2026-01-03,1457153926,2159621945,v3,3b561e9a3884dc1c,open,WWW,"WOLVERINE WORLD WIDE, INC.",3140,1874300000,5,2026-09-22T14:26:02.316Z
1107421,2025-12-31,1137,2041,v3,b97e2439858d4cab,open,TCRT,"Alaunos Therapeutics, Inc.",2834,5000,5,2026-09-20T14:16:56.029Z
1107421,2025-12-31,519,4530,v4.1,abfb50718456afad,open,TCRT,"Alaunos Therapeutics, Inc.",2834,5000,5,2026-09-24T18:17:23.857Z
1108134,2025-12-31,4771071,10879998,v4.1,cf6fccfb182d5990,open,BBT,Beacon Financial Corp,6036,29947000,5,2026-09-24T19:16:45.657Z
1108134,2025-12-31,5403167,9701994,v3,ae7047aa164bf68c,open,BBT,Beacon Financial Corp,6036,29947000,5,2026-09-22T14:27:11.982Z
1108426,2025-12-31,1796304931,2662271624,v3,2d98b3d71e2ebfe4,open,TXNM,"TXNM Energy, Inc.",4911,2165606000,5,2026-09-20T15:19:19.808Z
1108524,2026-01-31,36004885251,51665917069,v3,7346ab96ff2573ea,open,CRM,"Salesforce, Inc.",7372,41525000000,5,2026-09-20T15:20:37.096Z
1109448,2025-12-31,3569031645,5293210596,v3,2e3db299a332542a,open,,ALLIANCEBERNSTEIN L.P.,6282,4593648000,5,2026-09-20T13:12:29.799Z
1111741,2025-12-31,51370591,92241675,v3,8493b37463d71eb8,open,DYNR,"DYNARESOURCE, INC.",1000,58467565,5,2026-09-20T15:24:51.517Z
1111928,2025-12-31,764808881,1133509654,v3,b78c271f32a0c814,open,IPGP,IPG PHOTONICS CORP,3674,1003777000,5,2026-09-20T15:23:42.024Z
1113809,2026-01-31,440837968,708537494,v3,bbc4325a4d1246a8,open,BBW,BUILD-A-BEAR WORKSHOP INC,5945,529832000,5,2026-09-20T15:20:41.584Z
1114925,2026-06-30,77206222,175886229,v4.1,9e48396a9e965904,open,LTRX,"LANTRONIX, INC.",3576,120899000,5,2026-09-24T17:30:36.011Z
1114925,2026-06-30,93299231,149955332,v3,8ce2421be6f92514,open,LTRX,"LANTRONIX, INC.",3576,120899000,5,2026-09-23T14:36:07.905Z
1114995,2025-12-31,299791345,481840095,v3,dea50a67f0d31b0c,open,PI,"IMPINJ, INC.",3679,361075000,5,2026-09-20T15:19:16.682Z
1116942,2025-12-29,2591052889,3840153451,v3,fa2b1a7d46e3e7a3,open,TTMI,"TTM TECHNOLOGIES, INC.",3672,2906345000,5,2026-09-20T15:24:15.051Z
1117297,2026-06-30,1176833613,2103103077,v4.1,02f7a32d121bd82e,open,QNST,"QuinStreet, Inc.",7389,1293712000,5,2026-09-24T13:33:13.767Z
1117297,2026-06-30,1223768843,1814964631,v2,0374bcda61e35577,open,QNST,"QuinStreet, Inc.",7389,1293712000,5,2026-09-19T16:33:45.815Z
1117297,2026-06-30,1280441206,1897719162,v3,9ede1858e64b0d7b,open,QNST,"QuinStreet, Inc.",7389,1293712000,5,2026-09-20T14:03:58.169Z
1117297,2026-06-30,1530286098,1579602436,v1,15f94310918634cd,open,QNST,"QuinStreet, Inc.",7389,1293712000,5,2026-09-19T16:27:23.583Z
1119643,2025-12-31,128817,635435,v4.1,bcb14962741181c2,open,NPHC,NUTRA PHARMA CORP.,2833,257612,5,2026-09-24T19:49:59.831Z
1119643,2025-12-31,213150,382735,v3,b4be3c67a3979876,open,NPHC,NUTRA PHARMA CORP.,2833,257612,5,2026-09-20T14:07:11.290Z
1124804,2024-12-31,459322122,738246179,v3,8d7d596bfd1b572f,void,,VERADIGM INC.,7373,594410000,5,2026-09-20T15:19:26.125Z
1126328,2025-12-31,11781512468,17861604865,v4.1,4e11632cf03468c7,open,PFG,"PRINCIPAL FINANCIAL GROUP, INC",6321,15625500000,5,2026-09-24T19:52:11.092Z
1126328,2025-12-31,11925161620,17112244825,v3,bfe9d2a3fd2d2cb4,open,PFG,"PRINCIPAL FINANCIAL GROUP, INC",6321,15625500000,5,2026-09-20T14:01:01.201Z
1128928,2026-01-03,4306532790,6382635735,v3,d620323c5bac6851,open,FLO,FLOWERS FOODS INC,2000,5256479000,5,2026-09-20T14:04:01.073Z
1128928,2026-01-03,4817158849,5810834560,v4.1,0a69c5ee15da0114,open,FLO,FLOWERS FOODS INC,2000,5256479000,5,2026-09-24T13:29:03.159Z
1130310,2025-12-31,7752984084,11490559964,v3,8ddc07bb1f6750f9,open,CNP,CENTERPOINT ENERGY INC,4911,9357000000,5,2026-09-20T15:23:49.364Z
1130713,2025-12-31,649629108,962803759,v3,e7e4dea9c7c21ec4,open,NXH,"Neighborhood Intelligence, Inc.",5961,1044616000,5,2026-09-20T15:23:05.402Z
1131312,2021-12-31,11215796,20139223,v3,26d1cd3d95b7e894,void,ZNOG,ZION OIL & GAS INC,1382,11260000,3,2026-09-20T15:23:08.196Z
1136869,2025-12-31,6973830679,10335790545,v3,331dd8e25f747ce1,open,ZBH,"ZIMMER BIOMET HOLDINGS, INC.",3842,8231500000,5,2026-09-20T15:18:11.299Z
1136869,2025-12-31,7852609703,9347596696,v4.1,3d602c03414b3aea,open,ZBH,"ZIMMER BIOMET HOLDINGS, INC.",3842,8231500000,5,2026-09-25T04:57:23.587Z
1137789,2026-07-03,10476103036,20628537925,v4.1,9558f92f3804f92f,open,STX,Seagate Technology Holdings plc,3572,12195000000,5,2026-09-24T14:05:46.484Z
1137789,2026-07-03,12040613357,16799639638,v2,68c2a0ccb6c1b063,open,STX,Seagate Technology Holdings plc,3572,12195000000,5,2026-09-19T16:33:53.211Z
1137789,2026-07-03,12157512516,17445661305,v3,ec64ba1da219c692,open,STX,Seagate Technology Holdings plc,3572,12195000000,5,2026-09-20T14:27:00.064Z
1137789,2026-07-03,12332089304,16348029570,v1,48fd041d8d90b737,open,STX,Seagate Technology Holdings plc,3572,12195000000,5,2026-09-19T16:27:39.798Z
1139685,2025-12-31,1751705,3145383,v3,ce5bb3875232b3a9,open,AIDX,"20/20 BIOLABS, INC.",8734,2045133,2,2026-09-20T15:23:04.359Z
1141197,2025-12-31,24184198,110729068,v4.1,71e68806f26983e9,open,PED,PEDEVCO Corp.,1311,45751000,5,2026-09-24T19:26:06.648Z
1141197,2025-12-31,38577778,69270740,v3,f2e9d4cd6437fbe5,open,PED,PEDEVCO Corp.,1311,45751000,5,2026-09-20T15:22:40.841Z
1145197,2025-12-31,2781210119,4121982104,v3,22d765518be8ad6d,open,PODD,INSULET CORPORATION,3841,2708100000,5,2026-09-20T13:58:16.878Z
1145197,2025-12-31,3099717819,3766352156,v4.1,6b0d4dd1fdb90cdc,open,PODD,INSULET CORPORATION,3841,2708100000,5,2026-09-24T14:40:02.182Z
1145197,2025-12-31,3173269153,3693794151,v4,046d45205ca6d18f,open,PODD,INSULET CORPORATION,3841,2708100000,5,2026-09-24T12:59:30.467Z
1145986,2025-12-31,186512092,299771843,v3,52f5743a62d18ea5,open,ASPN,"ASPEN AEROGELS, INC.",5030,271103000,5,2026-09-20T15:23:08.640Z
1156039,2025-12-31,173781552826,249371251538,v3,822f8b05953cd734,open,ELV,"ELEVANCE HEALTH, INC.",6324,199125000000,5,2026-09-20T15:21:31.677Z
1156375,2025-12-31,5587313399,8280857920,v3,098ef67db971d6e7,open,CME,CME GROUP INC.,6200,6520600000,5,2026-09-20T14:07:20.524Z
1156375,2025-12-31,6298193383,7481019729,v4.1,2a8aebeeb3cec09c,open,CME,CME GROUP INC.,6200,6520600000,5,2026-09-25T15:28:31.524Z
1158114,2025-12-31,490648480,982553633,v4.1,053f7411aa9e6cef,open,AAOI,"APPLIED OPTOELECTRONICS, INC.",3674,455715000,5,2026-09-24T19:51:24.869Z
1158114,2025-12-31,556609364,894611248,v3,ba3512bb8d4a7e89,open,AAOI,"APPLIED OPTOELECTRONICS, INC.",3674,455715000,5,2026-09-20T14:17:05.616Z
1158463,2025-12-31,7110100876,10537754183,v3,1ee1fde781918520,open,JBLU,JETBLUE AIRWAYS CORP,4512,9062000000,5,2026-09-20T15:20:55.447Z
1158780,2026-06-30,654487,1980370,v4.1,51e2f80e5f76e89f,open,PLUR,Pluri Inc.,2836,1016000,5,2026-09-24T19:30:21.330Z
1158780,2026-06-30,851727,1529372,v3,ff275e6b552af540,open,PLUR,Pluri Inc.,2836,1016000,5,2026-09-20T15:20:48.206Z
1159036,2025-12-31,1476872896,2188847080,v3,e65c45e904bbd504,open,HALO,"HALOZYME THERAPEUTICS, INC.",2836,1396611000,5,2026-09-20T15:24:28.409Z
1159152,2026-03-31,4329239556,6420670637,v2,cf552af393678487,open,JHX,JAMES HARDIE INDUSTRIES plc,3272,4835800000,3,2026-09-19T21:00:25.029Z
1163739,2025-12-31,2722184433,4034501183,v3,b08bdb4bc6cbdeb6,open,NBR,NABORS INDUSTRIES LTD,1381,3184693000,5,2026-09-20T15:18:25.768Z
1169561,2026-03-31,1208683211,1509466642,v4.1,277de264b6b8f7a0,open,CVLT,"Commvault Systems, Inc",7372,1183690000,5,2026-09-25T14:01:09.781Z
1171759,2025-12-28,1040559107,1283282659,v4.1,1ca5fd13b4879314,open,RRGB,"RED ROBIN GOURMET BURGERS, INC.",5812,1210225000,5,2026-09-24T21:14:32.602Z
1171759,2025-12-28,940600577,1394047404,v3,f496f310c03a5792,open,RRGB,"RED ROBIN GOURMET BURGERS, INC.",5812,1210225000,5,2026-09-20T14:14:08.389Z
1172052,2025-12-31,1152854626,1708625359,v3,b2c0f3c4fe659554,open,SAFT,SAFETY INSURANCE GROUP INC,6331,1263732000,5,2026-09-20T15:23:06.312Z
1173204,2026-03-31,44126819,79234667,v3,77247daea0675f33,open,CNVS,Cineverse Corp.,7841,65733000,5,2026-09-20T15:23:07.099Z
1174922,2025-12-31,5799510494,10521885059,v4.1,59b5d2c840892f7c,open,WYNN,"WYNN RESORTS, LIMITED",7011,7137924000,5,2026-09-24T16:05:23.881Z
1174922,2025-12-31,6357885378,9422908959,v3,e5a0f1c66ec03cdd,open,WYNN,"WYNN RESORTS, LIMITED",7011,7137924000,5,2026-09-20T15:21:41.368Z
1174940,2023-12-31,7911,14205,v3,cb5df9cbf1c2e059,void,OGEN,"ORAGENICS, INC.",2834,37653,5,2026-09-20T15:21:28.190Z
1175151,2025-12-31,22230068,63237419,v4.1,6d51f5f54565c7d8,open,CTSO,CYTOSORBENTS CORPORATION,3841,37063000,5,2026-09-24T16:22:55.880Z
1175151,2025-12-31,28064892,50393671,v3,31e07e44d3282be7,open,CTSO,CYTOSORBENTS CORPORATION,3841,37063000,5,2026-09-20T14:14:08.676Z
1176309,2025-12-31,1759164,3158778,v3,326cc45afbc2eb9b,open,ORMP,ORAMED PHARMACEUTICALS INC.,2834,2000000,5,2026-09-20T15:21:41.606Z
1177609,2026-01-31,4320004338,6406973937,v3,440ec1c501ba22cf,open,FIVE,"Five Below, Inc.",5331,4764147000,5,2026-09-20T13:12:32.582Z
1177609,2026-01-31,4735928656,6511560845,v4.1,0647bea85d814a03,open,FIVE,"Five Below, Inc.",5331,4764147000,5,2026-09-24T15:30:51.921Z
1178253,2025-12-31,53619807,96280395,v3,8f13491239a23194,open,SCYX,"SCYNEXIS, Inc.",2834,20601000,5,2026-09-20T14:04:05.919Z
1185348,2025-12-31,971456121,1646176551,v4.1,4946dd54fc1e6e90,open,PRAA,PRA GROUP INC,6153,1201837000,5,2026-09-24T14:19:14.349Z
1191070,2026-06-30,64654,116094,v3,10d02c6a3bb9965e,open,NEUP,Neuphoria Therapeutics Inc.,2834,1174165,2,2026-09-21T16:10:03.394Z
1193311,2025-12-31,5939845853,8803340006,v3,17f189f804fff54e,open,,Oncor Electric Delivery Company LLC,4911,6778000000,5,2026-09-20T15:22:34.738Z
1211583,2025-12-31,63432963,113901020,v3,58d32fae7e491fbb,open,FENC,FENNEC PHARMACEUTICALS INC.,2836,44642000,5,2026-09-20T15:21:56.970Z
1211805,2025-12-31,5862293,21027158,v4.1,85f81e616a1bc551,open,MYSZ,"MY SIZE, INC.",7372,9362000,5,2026-09-24T14:10:06.102Z
1211805,2025-12-31,8294115,14893017,v3,325206c4c6056f0e,open,MYSZ,"MY SIZE, INC.",7372,9362000,5,2026-09-20T14:13:58.713Z
1213809,2025-12-31,1798051,4609621,v4.1,24d78f8296cf3f26,open,DYAI,DYADIC INTERNATIONAL INC,2836,3090345,5,2026-09-24T14:39:18.670Z
1213809,2025-12-31,2156877,3872915,v3,bf27c1c79a9d8a6a,open,DYAI,DYADIC INTERNATIONAL INC,2836,3090345,5,2026-09-20T14:14:21.087Z
1218683,2025-12-31,11122420,72712518,v4.1,3dead01ae78ee91a,open,BGDE,"Big Digital Energy, Inc.",6199,39754085,5,2026-09-25T13:59:32.131Z
1219601,2025-12-31,10926778403,13488363921,v4.1,e6ae1771cc8560fc,open,CCK,"CROWN HOLDINGS, INC.",3411,12365000000,5,2026-09-25T10:18:40.453Z
1219601,2025-12-31,9932989338,14253538091,v3,2d4388fb122e73d1,open,CCK,"CROWN HOLDINGS, INC.",3411,12365000000,5,2026-09-20T15:20:29.329Z
12239,2025-12-31,1446154081,2324333347,v3,87dcf9472fd41eda,open,DOMH,Dominari Holdings Inc.,6211,123104000,5,2026-09-20T15:18:22.028Z
1226616,2025-12-31,181717,326293,v3,293da70218c2cb01,open,MNOV,"MEDICINOVA, INC.",2834,409657,4,2026-09-20T15:23:01.882Z
1228627,2025-12-31,10420400,18710999,v3,d6d8f05d1c5672ef,open,IRD,"Opus Genetics, Inc.",2834,14196000,5,2026-09-20T15:20:47.696Z
1230245,2025-12-31,1642946087,2889978243,v4.1,bb753d993d2a0e4b,open,PIPR,PIPER SANDLER COMPANIES,6211,1904217000,5,2026-09-24T23:07:08.708Z
1230245,2025-12-31,1773505059,2628480339,v3,bd5effd4ffaa088c,open,PIPR,PIPER SANDLER COMPANIES,6211,1904217000,5,2026-09-23T14:35:56.247Z
1232524,2025-12-31,3566097187,5285249283,v3,495cfa487ca95fa8,open,JAZZ,Jazz Pharmaceuticals plc,2834,4267586000,5,2026-09-20T15:24:15.575Z
1234006,2025-12-31,119311064,205293212,v2,be46bf9129c7c52c,open,GOOD,GLADSTONE COMMERCIAL CORP,6519,161336000,5,2026-09-19T16:40:01.606Z
1235912,2025-12-31,40959280,110429422,v4.1,a6ab8bccdec049d2,open,CVRX,"CVRx, Inc.",3841,56651000,5,2026-09-24T16:22:11.653Z
1235912,2025-12-31,51253685,92031757,v3,7a2eeec04525772f,open,CVRX,"CVRx, Inc.",3841,56651000,5,2026-09-22T14:27:26.660Z
1254699,2025-12-31,5877495449,8716880174,v2,f13be4f2f4891591,open,QVCG,"QVC Group, Inc.",5961,8293000000,5,2026-09-19T16:33:46.451Z
1254699,2025-12-31,6149680477,9114332175,v3,cfd52860fdf83e78,open,QVCG,"QVC Group, Inc.",5961,8293000000,5,2026-09-20T14:20:00.977Z
1254699,2025-12-31,6869506723,8309101838,v4.1,fcb115543a6ae545,open,QVCG,"QVC Group, Inc.",5961,8293000000,5,2026-09-24T19:44:44.259Z
1254699,2025-12-31,7644086807,7666592135,v1,93adac2acce25860,open,QVCG,"QVC Group, Inc.",5961,8293000000,5,2026-09-19T16:27:27.024Z
1271833,2025-12-31,43271404652,62093151766,v3,56bf1a9ef244e149,open,,"CCO Holdings, LLC",4841,54774000000,5,2026-09-20T15:22:37.323Z
1274494,2025-12-31,5187104689,7687715701,v3,3985f4997a306af7,open,FSLR,"First Solar, Inc.",3674,5219376000,5,2026-09-22T21:25:50.318Z
1274494,2025-12-31,5210765703,7794127853,v4.1,6ef674583a0e1d6f,open,FSLR,"First Solar, Inc.",3674,5219376000,5,2026-09-24T15:30:25.811Z
1276187,2025-12-31,68226025053,97902274311,v3,95f2b937b1c88e79,open,ET,ENERGY TRANSFER LP,4922,85536000000,5,2026-09-20T15:22:41.696Z
1279620,2025-12-31,2898842,7180931,v4.1,575f8c01f01375c2,open,ZDPY,"ZONED PROPERTIES, INC.",6512,4140458,5,2026-09-25T04:14:59.602Z
1279620,2025-12-31,3419178,6139518,v3,e70b04034ba1e975,open,ZDPY,"ZONED PROPERTIES, INC.",6512,4140458,5,2026-09-20T15:18:54.288Z
1280452,2025-12-31,2688540769,3984638507,v3,da51e30b959df72e,open,MPWR,"Monolithic Power Systems, Inc.",3674,2790459000,5,2026-09-20T15:18:15.160Z
1282648,2025-12-31,106722579,171530027,v3,8f7a22f3fa06f763,open,BATL,Battalion Oil Corp,1311,166043000,5,2026-09-20T15:24:52.004Z
1285785,2025-12-31,9244819818,13266035726,v3,5b228cf8db3f0a11,open,MOS,MOSAIC CO,2870,12052400000,5,2026-09-20T15:21:57.450Z
1290658,2025-12-31,0,0,v3,eab465d4d6923a4a,open,ITOX,"IIOT-OXYS, INC.",7372,,5,2026-09-20T14:07:07.552Z
1290677,2025-12-31,403993123,747214508,v4.1,26ffac4c29a81a48,open,TPB,"Turning Point Brands, Inc.",2100,463062000,5,2026-09-24T15:12:06.661Z
1290677,2025-12-31,440794847,708468188,v3,e4094b87addf773d,open,TPB,"Turning Point Brands, Inc.",2100,463062000,5,2026-09-22T14:28:15.555Z
12927,2025-12-31,86561377345,124212948109,v3,531878d9658f8ea2,open,BA,THE BOEING COMPANY,3721,89463000000,5,2026-09-20T15:18:27.346Z
1295401,2025-12-31,132895007,213595702,v3,1651b24a1f8f80a0,open,TBBK,"THE BANCORP, INC.",6021,141147000,5,2026-09-20T14:10:59.224Z
1295401,2025-12-31,144632996,188407935,v4.1,4f0b7e8f24176500,open,TBBK,"THE BANCORP, INC.",6021,141147000,5,2026-09-24T17:16:35.305Z
1296445,2025-12-31,870138511,1398531446,v3,2e23c6cbd6deb5b1,open,ORA,"ORMAT TECHNOLOGIES, INC.",4911,989543000,5,2026-09-22T21:25:47.757Z
1296445,2025-12-31,955449773,1222258605,v4.1,5df790e0bd73d007,open,ORA,"ORMAT TECHNOLOGIES, INC.",4911,989543000,5,2026-09-24T15:30:36.950Z
1297937,2025-09-28,7869460,14130501,v3,d9882e3c1585e08a,open,PRKA,"Parks! America, Inc.",7990,10471575,5,2026-09-20T15:18:53.084Z
1297989,2025-12-31,1888482629,2798886551,v3,07a4f9eaabf69be0,open,EXLS,"EXLSERVICE HOLDINGS, INC.",7389,2087679000,5,2026-09-20T15:18:34.277Z
1297989,2025-12-31,2100553888,2562527185,v4.1,4f1c2d5736944441,open,EXLS,"EXLSERVICE HOLDINGS, INC.",7389,2087679000,5,2026-09-24T21:59:49.648Z
1298946,2025-12-31,904412452,1340413626,v3,056efd8eb09a263c,open,DRH,DIAMONDROCK HOSPITALITY CO,6798,1120491000,5,2026-09-20T15:21:40.592Z
1299709,2026-06-30,56744731,144345831,v4.1,015e4f2a63f4b064,open,AX,"AXOS FINANCIAL, INC.",6035,81254000,5,2026-09-24T17:30:38.645Z
1299709,2026-06-30,68901161,123719785,v3,89097ce541444048,open,AX,"AXOS FINANCIAL, INC.",6035,81254000,5,2026-09-22T14:29:04.449Z
1302215,2026-03-31,2160363531,3752494125,v4.1,53414fde07252889,open,HLI,"HOULIHAN LOKEY, INC.",6282,2617516000,5,2026-09-24T23:05:59.670Z
1302215,2026-03-31,2317385258,3434555519,v3,35c1c9456ab3cb2b,open,HLI,"HOULIHAN LOKEY, INC.",6282,2617516000,5,2026-09-20T15:22:48.068Z
1306830,2025-12-31,7305797949,10827793338,v3,bb8d297eb56ab3d9,open,CE,CELANESE CORPORATION,2820,9544000000,5,2026-09-20T14:27:30.934Z
1306830,2025-12-31,7530277197,10801403935,v4,1dfee80ab35549c6,open,CE,CELANESE CORPORATION,2820,9544000000,5,2026-09-24T13:15:41.764Z
1306830,2025-12-31,7763401835,10377165034,v4.1,7d6d2010e10661eb,open,CE,CELANESE CORPORATION,2820,9544000000,5,2026-09-24T19:56:02.512Z
1307579,2025-12-31,12969793,23288722,v3,5b7c1175d41a02cf,open,LIQT,LIQTECH INTERNATIONAL INC,3590,16507558,5,2026-09-20T15:21:42.504Z
1310488,2019-12-31,20078,36052,v3,c340e9fc28efde09,void,BFNH,"BIOFORCE NANOSCIENCES HOLDINGS, INC.",3826,17775,3,2026-09-20T15:19:29.268Z
1314102,2025-12-31,18839942,33829236,v3,38c88d0d990bbc75,open,EYPT,"EyePoint, Inc.",3826,31371000,5,2026-09-20T15:23:06.090Z
1314152,2025-12-31,396933383,637971783,v3,678b73bdb73f7380,open,,"JLL Income Property Trust, Inc.",6798,453854000,5,2026-09-20T15:21:25.401Z
1314196,2025-12-31,2252494,14505769,v4.1,72904ead8f9cee3a,open,OLB,"The OLB Group, Inc.",7389,8676907,5,2026-09-24T19:01:57.320Z
1314196,2025-12-31,4248909,7629393,v3,d9017ecd3f0a3710,open,OLB,"The OLB Group, Inc.",7389,8676907,5,2026-09-20T14:11:00.800Z
13156,2025-12-31,14290191,69242236,v4.1,080e41ddab096108,open,GLXZ,"Galaxy Gaming, Inc.",7900,30873552,5,2026-09-24T13:57:52.565Z
13156,2025-12-31,23438778,42086963,v3,8efff4421950a1b5,open,GLXZ,"Galaxy Gaming, Inc.",7900,30873552,5,2026-09-20T14:14:00.410Z
1318008,2026-01-31,745487685,1198186216,v3,cf68b9efe7b61948,open,ZUMZ,ZUMIEZ INC,5600,929057000,5,2026-09-20T15:22:01.773Z
1318484,2026-01-31,666720779,1070905888,v4.1,8cad654a6f27d02c,open,CTRN,"CITI TRENDS, INC.",5600,819962000,5,2026-09-25T03:33:47.672Z
1318484,2026-01-31,678855825,1091092058,v3,b417764b20f0f17b,open,CTRN,"CITI TRENDS, INC.",5600,819962000,5,2026-09-20T14:14:10.508Z
1319161,2025-09-30,5317892609,7886936374,v3,ce8b00f05a2d4365,open,WMG,Warner Music Group Corp.,7900,6707000000,5,2026-09-20T13:12:36.946Z
1319161,2025-09-30,6229775276,7500682997,v4.1,9297a3df521eea91,open,WMG,Warner Music Group Corp.,7900,6707000000,5,2026-09-25T00:17:56.425Z
1319947,2026-01-31,2204844890,3267761439,v3,229ea59b8d76b04c,open,DBI,DESIGNER BRANDS INC.,5661,2892671000,5,2026-09-20T15:19:28.821Z
1321655,2025-12-31,4917291173,7292806656,v3,c07fa2f457e1d71c,open,PLTR,Palantir Technologies Inc.,7372,4475446000,5,2026-09-20T12:51:06.559Z
1321655,2025-12-31,5389526542,7413498726,v4.1,4e1fa961c6bb8d03,open,PLTR,Palantir Technologies Inc.,7372,4475446000,5,2026-09-24T14:30:42.091Z
1321834,2019-12-31,1017017,1826168,v3,15773ab5b74a321a,void,QCLS,"Q/C Technologies, Inc.",2835,1577033,5,2026-09-20T14:11:25.097Z
1324948,2026-03-28,1639482296,2527897565,v4.1,4723054aa70e6744,open,RBC,RBC BEARINGS INCORPORATED,3562,1870900000,5,2026-09-25T10:18:51.566Z
1324948,2026-03-28,1656991944,2455798321,v3,480893630f7ab580,open,RBC,RBC BEARINGS INCORPORATED,3562,1870900000,5,2026-09-20T14:14:11.361Z
1325702,2025-12-31,121311380,194977900,v3,324ad276867e33d9,open,MX,Magnachip Semiconductor Corporation,3674,178860000,5,2026-09-22T14:26:54.562Z
1326380,2026-01-31,2596296756,3847925293,v3,0c2a465fe1178579,open,GME,GameStop Corp.,5734,3629900000,5,2026-09-20T15:24:30.602Z
1326801,2025-12-31,190400462743,265655832151,v3,b08e67d576a853a1,open,META,"Meta Platforms, Inc.",7370,200966000000,5,2026-09-20T12:52:49.044Z
1326801,2025-12-31,209298620125,263546544489,v4.1,ee050cbe557cfb45,open,META,"Meta Platforms, Inc.",7370,200966000000,5,2026-09-24T14:30:38.066Z
1326801,2025-12-31,212025424085,261561537877,v4,f38bfa5a0da35ac8,open,META,"Meta Platforms, Inc.",7370,200966000000,5,2026-09-24T12:36:09.896Z
1327068,2025-12-31,7094434,18193022,v3,307cebd584425585,open,USO,"United States Oil Fund, LP",6221,-56201422,5,2026-09-20T13:12:46.390Z
1327978,2025-12-31,468354298,752763158,v3,c07e239f39d35dc0,open,ZARE,ARES REAL ESTATE INCOME TRUST INC.,6798,498835000,5,2026-09-20T15:23:50.962Z
1328792,2026-03-31,18844166,47575583,v4.1,1cb214adaaab011f,open,TPCS,TECHPRECISION CORP,3440,31644000,5,2026-09-24T16:57:39.725Z
1328792,2026-03-31,22435155,40284845,v3,f3903f28ec995fe6,open,TPCS,TECHPRECISION CORP,3440,31644000,5,2026-09-22T14:25:02.577Z
1331875,2025-12-31,12175334166,17471234832,v3,8cf8160dec4756e9,open,FNF,"FIDELITY NATIONAL FINANCIAL, INC.",6361,14445000000,5,2026-09-20T15:22:59.925Z
1332551,2025-12-31,58036363,104210817,v3,7d233b961b83edd1,open,ACR,ACRES COMMERCIAL REALTY CORP.,6798,79946000,5,2026-09-20T15:24:07.913Z
1334325,2025-10-31,16387616,42024530,v3,c077f577cf8d126a,open,CODA,"CODA OCTOPUS GROUP, INC.",3812,26563126,5,2026-09-20T13:12:31.678Z
1337013,2025-12-31,121988338,196065942,v3,6c4cd9e34cd5cdd6,open,INFU,"INFUSYSTEM HOLDINGS, INC",3841,143436000,5,2026-09-20T15:20:31.610Z
1339970,2025-12-31,59078,168774,v4.1,06c251f32ca2d81e,open,ATYR,aTYR PHARMA INC,2836,190000,5,2026-09-24T19:45:49.266Z
1339970,2025-12-31,74741,134205,v3,d3c4be8bec9523a1,open,ATYR,aTYR PHARMA INC,2836,190000,5,2026-09-20T14:00:58.644Z
1340476,2025-12-31,138543087,190383795,v4.1,502bbdad344a493d,open,DRTTF,DIRTT ENVIRONMENTAL SOLUTIONS LTD,7372,168855000,5,2026-09-24T14:20:03.500Z
1341439,2026-05-31,60062834915,83802539977,v3,ec007d9d28183089,open,ORCL,Oracle Corporation,7372,67357000000,5,2026-09-20T12:52:50.801Z
1341439,2026-05-31,68325605880,80579094465,v4.1,d4afc648cc598a80,open,ORCL,Oracle Corporation,7372,67357000000,5,2026-09-24T14:30:41.049Z
1342423,2025-10-31,112567617,180924473,v3,d44053e96a83771c,open,LMNR,LIMONEIRA COMPANY,100,159723000,5,2026-09-20T15:24:52.004Z
1342916,2025-10-31,319906,900167,v4.1,3a2ddc189d6848e6,open,HNOI,"HNO INTERNATIONAL, INC.",1000,65561,4,2026-09-24T21:05:47.504Z
1342916,2025-10-31,401716,721326,v3,1776fdb3cda9f1ee,open,HNOI,"HNO International, Inc.",1000,65561,4,2026-09-20T14:19:59.840Z
1342958,2025-12-31,8763480,15735813,v3,15d660c6b3702543,open,KUST,"Kustom Entertainment, Inc.",3663,13754155,5,2026-09-23T14:35:54.454Z
1348362,2025-08-31,340464,3066999,v4.1,c89907a6c2f9944f,open,LEXX,LEXARIA BIOSCIENCE CORP.,2834,705923,5,2026-09-25T06:21:51.707Z
1348362,2025-08-31,757395,1359988,v3,89f4ba9a024ae0ae,open,LEXX,LEXARIA BIOSCIENCE CORP.,2834,705923,5,2026-09-20T15:20:46.453Z
1354866,2025-11-30,104634023,240699203,v4.1,72377c7536f952af,open,BYRN,BYRNA TECHNOLOGIES INC.,3690,118120000,5,2026-09-24T13:33:16.551Z
1354866,2025-11-30,127048115,204198276,v3,015a35363fdad77d,open,BYRN,BYRNA TECHNOLOGIES INC.,3690,118120000,5,2026-09-20T14:13:59.115Z
1355790,2025-12-31,5885144,14000111,v4.1,a2e12b24c7f854db,open,ISCO,INTERNATIONAL STEM CELL CORPORATION,2834,9100000,5,2026-09-24T19:51:11.295Z
1355790,2025-12-31,6804771,12218731,v3,4f882f97dae148da,open,ISCO,INTERNATIONAL STEM CELL CORPORATION,2834,9100000,5,2026-09-20T14:27:03.058Z
1355848,2025-12-31,12278564,132294391,v4.1,8ff3ddfd98a7350d,open,TOON,"Kartoon Studios, Inc.",7812,39353000,5,2026-09-24T19:09:17.259Z
1355848,2025-12-31,29827077,53557871,v3,41c1872b279dadb7,open,TOON,"Kartoon Studios, Inc.",7812,39353000,5,2026-09-20T14:04:00.444Z
1357671,2022-12-31,5828282,10465336,v3,5045b98cfa01e24d,void,CRTD,"CREATD, INC.",4522,4796474,5,2026-09-20T14:10:59.478Z
1357878,2021-03-31,887,1592,v3,b02192786e209a83,void,,"REGENEREX PHARMA, INC.",2834,1775,2,2026-09-20T14:14:06.394Z
1357971,2025-09-30,396257618,636885660,v3,2eefbb79231559f8,open,ESOA,Energy Services of America CORP,1623,411001373,5,2026-09-20T15:20:46.738Z
1358190,2024-12-31,46043391,82676088,v3,828a850cbf6ba546,void,ITP,"IT TECH PACKAGING, INC.",2670,75837943,5,2026-09-21T14:14:37.323Z
1360214,2025-12-31,302652663,486438953,v3,b292f47c620a7417,open,HROW,"Harrow, Inc.",2834,272303000,5,2026-09-20T15:23:53.617Z
1362190,2025-12-31,27282127,72361825,v4.1,57a368571db67d46,open,AEYE,AUDIOEYE INC,7372,40311000,5,2026-09-24T19:51:54.407Z
1362190,2025-12-31,33278171,59754699,v3,6793e32f6a0b0a81,open,AEYE,AUDIOEYE INC,7372,40311000,5,2026-09-21T14:14:28.794Z
1367083,2026-03-31,17945620,32223379,v3,ad0059f951f2df06,open,SNOA,"SONOMA PHARMACEUTICALS, INC.",3841,19529000,5,2026-09-20T15:18:30.625Z
1368622,2026-04-30,3104779866,4601539077,v3,08ba6f21d8536fb3,open,AVAV,"AEROVIRONMENT, INC.",3721,1976845000,5,2026-09-20T15:19:14.327Z
1370450,2026-01-02,696782279,899544631,v4.1,a6e4e3d89d2aef80,open,WLDN,"WILLDAN GROUP, INC.",8711,681552000,5,2026-09-24T14:21:18.152Z
1370946,2025-12-31,8133646317,11671535491,v3,8a41230e87d83488,open,OC,Owens Corning,3290,10103000000,5,2026-09-20T14:27:47.863Z
1370946,2025-12-31,8818903195,11246883793,v4,9b85ce99579ec761,open,OC,Owens Corning,3290,10103000000,5,2026-09-24T12:58:38.796Z
1372299,2025-12-31,3722524,6684210,v3,43e8baaf1ae5002a,open,OCGN,"OCUGEN, INC.",2836,4413000,5,2026-09-20T15:19:29.284Z
1372514,2025-12-31,0,0,v3,6123a0703e1e2c68,open,KPRX,"KIORA PHARMACEUTICALS, INC.",2834,,5,2026-09-20T15:22:57.760Z
1374328,2025-12-31,80038640,143718381,v3,d6ff321e656a991e,open,FTLF,"FITLIFE BRANDS, INC.",2833,81458000,5,2026-09-20T15:20:53.537Z
1375365,2026-06-30,54143685087,75543859034,v3,6048e8d9f5ec9f0a,open,SMCI,"Super Micro Computer, Inc.",3571,39063072000,5,2026-09-20T12:52:51.434Z
1375365,2026-06-30,54950041985,80606534690,v4.1,ecf01f0b541f865e,open,SMCI,"Super Micro Computer, Inc.",3571,39063072000,5,2026-09-24T14:30:43.484Z
1376139,2025-12-31,5156539970,7642416274,v3,38c60773838e3693,open,CVI,"CVR ENERGY, INC",2911,7162000000,5,2026-09-20T15:22:56.751Z
1376227,2022-12-31,132904695,238645329,v3,520edd5e14031677,void,UNG,"United States Natural Gas Fund, LP",6221,80016838,5,2026-09-20T15:20:52.780Z
1377630,2026-01-01,192016084,308618143,v3,27142129f3c94681,open,NCMI,"NATIONAL CINEMEDIA, INC.",7310,243200000,5,2026-09-22T14:29:04.449Z
1377789,2026-07-03,363549556,584315576,v3,00f8fd7d7639d92e,open,AVNW,"Aviat Networks, Inc.",3663,439682000,5,2026-09-20T15:24:30.407Z
1377789,2026-07-03,395401303,515762543,v4.1,3d2b275e9dbfcb02,open,AVNW,"Aviat Networks, Inc.",3663,439682000,5,2026-09-24T16:30:25.540Z
1378140,2026-04-30,1453946,7116110,v4.1,bf0094f1d5c3d0c0,open,OPTT,"OCEAN POWER TECHNOLOGIES, INC.",4911,3737000,5,2026-09-25T01:45:13.646Z
1378140,2026-04-30,1453946,7116110,v4,b934550a6bc905ed,open,OPTT,"OCEAN POWER TECHNOLOGIES, INC.",4911,3737000,5,2026-09-24T12:59:54.419Z
1378140,2026-04-30,1701007,4362076,v3,f232196ffe502a9f,open,OPTT,"OCEAN POWER TECHNOLOGIES, INC.",4911,3737000,5,2026-09-20T12:53:06.096Z
1378325,2025-12-31,11468649,20593250,v3,ef8ebb0cc98b5419,open,,"CapsoVision, Inc",,13554000,2,2026-09-21T14:14:43.109Z
1382574,2025-12-31,239470,2347868,v4.1,601615e063aff354,open,SCNX,"SCIENTURE HOLDINGS, INC.",2834,431609,5,2026-09-24T18:34:47.821Z
1382574,2025-12-31,555365,997221,v3,d4c0b5b32fbc4bb3,open,SCNX,"SCIENTURE HOLDINGS, INC.",2834,431609,5,2026-09-21T16:09:43.425Z
1385849,2025-12-31,15438540,402236337,v4.1,d0eaf34fb4a839af,open,UUUU,ENERGY FUELS INC.,1400,65922000,5,2026-09-24T19:36:50.152Z
1385849,2025-12-31,62503678,112232385,v3,e72ac381555b7aae,open,UUUU,ENERGY FUELS INC.,1400,65922000,5,2026-09-20T13:58:10.359Z
1387061,2025-12-31,38586132,69285741,v3,d10ce1484e802d11,open,,"Lightstone Value Plus REIT V, Inc.",6798,51243000,5,2026-09-20T15:24:10.337Z
1389545,2024-12-31,6896599,12383620,v3,82cbbd3c47b72492,void,SDEV,STABLECOIN DEVELOPMENT CORPORATION,6199,9781000,5,2026-09-20T14:10:59.890Z
1390777,2025-12-31,17025767158,24431458895,v3,11f3408e3fde3b7f,open,BNY,Bank of New York Mellon Corp,6022,20080000000,5,2026-09-23T14:35:56.002Z
1390777,2025-12-31,19507444446,22338161059,v4,83b638c3523a5388,open,BNY,Bank of New York Mellon Corp,6022,20080000000,5,2026-09-24T12:59:22.570Z
1390777,2025-12-31,19510924776,22273393369,v4.1,e405609fc3c4cd3e,open,BNY,Bank of New York Mellon Corp,6022,20080000000,5,2026-09-24T13:20:22.675Z
1392694,2025-12-31,16097038,131781177,v4.1,c458c9b317ff88d0,open,SURG,"SURGEPAYS, INC.",4813,56962920,5,2026-09-24T19:22:35.141Z
1392694,2025-12-31,35793504,64271263,v3,6e3a3df7b8a18086,open,SURG,"SURGEPAYS, INC.",4813,56962920,5,2026-09-20T14:19:57.182Z
1393311,2025-12-31,3982630642,5902586115,v3,90b77b0c708df114,open,PSA,Public Storage,6798,4824113000,5,2026-09-20T14:14:04.404Z
1393311,2025-12-31,4339692324,5516531053,v4.1,5646adf082169081,open,PSA,Public Storage,6798,4824113000,5,2026-09-24T14:08:31.774Z
1393781,2025-12-31,12493735,22433906,v3,800583b086bd066c,open,QIND,QUALITY     INDUSTRIAL CORP.,3590,16307787,3,2026-09-20T14:10:58.824Z
1396536,2025-12-31,19831748,219975460,v4.1,8b1ced12be4b881c,open,DUOT,"Duos Technologies Group, Inc.",7372,27023651,5,2026-09-24T17:38:28.139Z
1396536,2025-12-31,48868164,87748286,v3,ec787347d13f092c,open,DUOT,"Duos Technologies Group, Inc.",7372,27023651,5,2026-09-20T14:19:58.392Z
1396878,2025-12-31,1053334,1891380,v3,75e12fbcae5ecdfc,open,UGA,"United States Gasoline Fund, LP",6221,-3091508,5,2026-09-20T15:24:15.117Z
1397183,2025-12-31,3747870,6729721,v3,debb01148841104d,open,IVDA,"IVEDA SOLUTIONS, INC.",7372,5280312,5,2026-09-20T15:19:28.979Z
1397795,2012-04-30,61692,110775,v3,c1cf992d21752f5a,void,BRRN,BRYN INC.,8741,40900,2,2026-09-20T14:14:10.725Z
1398659,2025-12-31,4276297067,6337823907,v3,e0f1095234e33e6e,open,G,Genpact Limited,8742,5079879000,5,2026-09-20T15:22:42.590Z
1398659,2025-12-31,4814621548,5732509821,v4.1,9814f41afd5e3813,open,G,Genpact Limited,8742,5079879000,5,2026-09-25T14:21:35.858Z
1398733,2025-12-31,28628977,51406549,v3,e411b9029e48208b,open,AQST,"Aquestive Therapeutics, Inc.",2834,44545000,5,2026-09-20T15:18:36.471Z
1398805,2025-12-31,7924278,67824958,v4.1,df2262df55099e24,open,BEEM,Beam Global,3690,28236000,5,2026-09-25T14:00:28.643Z
1399520,2025-12-28,706029521,1461613767,v4.1,f6f8e9bd6d890dea,open,STKS,"ONE GROUP HOSPITALITY, INC.",5812,805722000,5,2026-09-25T13:58:31.303Z
1401914,2025-12-31,29761877,96068097,v4.1,375bc70851a2672a,open,DARE,"Dare Bioscience, Inc.",2834,1030193,5,2026-09-24T19:23:19.003Z
1401914,2025-12-31,39981298,71790918,v3,dea6fe22782014f5,open,DARE,"Dare Bioscience, Inc.",2834,1030193,5,2026-09-20T14:07:02.248Z
1402057,2025-12-31,18157641693,26055664484,v3,c4fbbe6f1e7ba2d0,open,CDW,CDW CORP,5961,22424100000,5,2026-09-20T14:20:09.835Z
1402057,2025-12-31,19716484322,24950856074,v4.1,2bd35fb59cca727b,open,CDW,CDW CORP,5961,22424100000,5,2026-09-24T19:07:05.743Z
1402328,2025-12-31,22187537,136360447,v4.1,528a437236d15f0d,open,SBFM,Sunshine Biopharma Inc.,2834,36305891,5,2026-09-25T02:33:51.702Z
1402328,2025-12-31,40902263,73444615,v3,42580984d99077ea,open,SBFM,Sunshine Biopharma Inc.,2834,36305891,5,2026-09-20T15:20:56.345Z
1402829,2025-12-31,710734572,1142329222,v3,a2a49f938392cdd7,open,ORN,"ORION GROUP HOLDINGS, INC.",1600,852260000,5,2026-09-22T14:25:04.328Z
1402829,2025-12-31,741671862,1052653578,v4.1,ad86db9d152a6974,open,ORN,"ORION GROUP HOLDINGS, INC.",1600,852260000,5,2026-09-24T18:35:46.186Z
1405513,2025-12-31,-429447,-771121,v3,a2b71a2fbabeeed3,open,UNL,"United States 12 Month Natural Gas Fund, LP",6221,-735860,5,2026-09-20T15:23:47.180Z
1405528,2025-12-31,3677930,6604136,v3,d3e4e9ac8df03b24,open,USL,"United States 12 Month Oil Fund, LP",6221,-5333392,5,2026-09-20T15:23:07.676Z
1409375,2026-03-31,67129643,120538825,v3,99c9048d317c4956,open,OESX,"ORION ENERGY SYSTEMS, INC.",3640,86306000,5,2026-09-20T15:19:15.972Z
1410636,2025-12-31,4497825590,6666147394,v3,9e06ee07b9017a25,open,AWK,"AMERICAN WATER WORKS COMPANY, INC.",4941,5121000000,5,2026-09-20T15:24:14.819Z
1411579,2025-12-31,3950575335,6384007660,v4.1,2415fe9882c6b6e2,open,AMC,"AMC ENTERTAINMENT HOLDINGS, INC.",7830,4848900000,5,2026-09-25T14:01:01.295Z
1411685,2026-03-31,1697505,3048061,v3,3a10e9e362540bb9,open,VTGN,"VISTAGEN THERAPEUTICS, INC.",2834,1269000,5,2026-09-20T15:22:51.107Z
1412126,2025-12-31,2536,7060,v4.1,2f707bca947df560,open,RMSL,"REMSLEEP HOLDINGS, INC.",7200,16721,5,2026-09-24T17:38:04.246Z
1412126,2025-12-31,3168,5688,v3,458c3c012ec1a206,open,RMSL,"REMSLEEP HOLDINGS, INC.",7200,16721,5,2026-09-20T14:27:10.017Z
1412408,2026-01-31,443684808,713113082,v3,4abc6cf01c71d88a,open,PHR,"Phreesia, Inc.",7389,480591000,5,2026-09-20T15:23:44.751Z
1412486,2020-12-31,829010,1488581,v3,53e379bff5c54c87,void,COCP,"COCRYSTAL PHARMA, INC.",2834,2014000,3,2026-09-20T15:18:54.973Z
1413329,2025-12-31,30021873261,43080476535,v3,4fca378dfba473e1,open,PM,Philip Morris International Inc.,2111,40648000000,5,2026-09-20T15:22:35.216Z
1413447,2025-12-31,10252646820,12988676955,v4.1,95713fcf00873c3f,open,NXPI,NXP Semiconductors N.V.,3674,12269000000,5,2026-09-25T06:22:03.594Z
1413447,2025-12-31,9447421515,13556763010,v3,d2c3f6c3bcb451e4,open,NXPI,NXP Semiconductors N.V.,3674,12269000000,5,2026-09-20T15:22:02.348Z
1414767,2025-04-30,162350,416333,v3,ca3704e35fcdeb30,void,NCPL,NETCAPITAL INC.,6199,869460,5,2026-09-20T13:12:29.123Z
1415404,2025-12-31,11139397008,15984696466,v3,5e4b894a26081121,open,ECHO,EchoStar Corporation,4899,15004989000,5,2026-09-21T15:31:22.069Z
1415404,2025-12-31,12769109062,14568835791,v4.1,1a74180af2588599,open,ECHO,EchoStar Corporation,4899,15004989000,5,2026-09-24T18:13:11.608Z
1417926,2025-12-31,7704635,13834538,v3,8e610ec1eaf2b091,open,IVF,"INVO Fertility, Inc.",3841,6841250,5,2026-09-20T15:24:24.054Z
1418121,2025-12-31,1140939188,1690965700,v3,bacff192a90359d5,open,APLE,"APPLE HOSPITALITY REIT, INC.",6798,1412386000,5,2026-09-20T15:22:36.867Z
1418135,2025-12-31,14032528740,20136252653,v3,a13f6eacd4079c4b,open,KDP,Keurig Dr Pepper Inc.,2080,16603000000,5,2026-09-20T15:23:53.546Z
1418819,2025-12-31,726965160,1168415859,v3,34a791fa56956349,open,IRDM,Iridium Communications Inc.,4899,871659000,5,2026-09-20T14:10:59.254Z
1418819,2025-12-31,790398784,1031685405,v4.1,69a0ae33318c18c8,open,IRDM,Iridium Communications Inc.,4899,871659000,5,2026-09-24T14:39:42.813Z
1419275,2025-12-31,1824791,28822395,v4.1,ec4c895d9a71526d,open,RTB,"RTB DIGITAL, INC.",8742,11131000,5,2026-09-25T04:10:26.961Z
1419275,2025-12-31,5349571,9605756,v3,46b67bbf61c0c9b8,open,RTB,"RTB DIGITAL, INC.",8742,11131000,5,2026-09-20T14:04:08.554Z
1419554,2020-12-31,850971000,1261209000,v3,98cca131e8d2541f,void,BBLG,BONE     BIOLOGICS CORPORATION,3842,1070000000,2,2026-09-20T14:14:28.335Z
1419612,2025-12-31,528112005,2636984707,v4.1,57fe9b4a15e618bd,open,SEDG,"SOLAREDGE TECHNOLOGIES, INC.",3674,1184444000,5,2026-09-24T15:30:35.149Z
1419612,2025-12-31,960242626,1423158535,v3,b071dd144d4a3250,open,SEDG,"SOLAREDGE TECHNOLOGIES, INC.",3674,1184444000,5,2026-09-22T21:25:58.032Z
1420720,2026-06-30,26787,48099,v3,4aff03b73e67c5bb,open,,"IBIO, INC.",,100000,5,2026-09-20T14:04:03.074Z
1422142,2025-12-31,2758848,4953821,v3,5581b68f5fe30787,open,WHWK,"WHITEHAWK THERAPEUTICS, INC.",2834,7145000,5,2026-09-20T14:04:31.256Z
1422143,2025-12-31,62024177,111371387,v3,e6c31ff9d424dab4,open,KURA,"KURA ONCOLOGY, INC.",2834,67482000,3,2026-09-20T15:23:50.978Z
1423869,2025-12-31,2010832,4310043,v4.1,8af74bd56bb3fa2a,open,PCB,PCB BANCORP,6022,2899000,5,2026-09-25T14:00:21.720Z
1425355,2025-12-31,3996801,7176706,v3,bef372f04ddba924,open,SUIG,SUI GROUP HOLDINGS LIMITED,6199,3898631,3,2026-09-20T15:21:29.167Z
1425627,2025-12-31,701396,1259435,v3,6bb286bd3c2aecd9,open,SOBR,"SOBR SAFE, INC.",2721,437421,5,2026-09-20T15:22:36.763Z
1427570,2025-12-31,20348,146147,v4.1,d8db47d3a29df876,open,HIND,"VYOME HOLDINGS, INC.",2834,319714,5,2026-09-24T15:49:21.270Z
1427570,2025-12-31,40497,72718,v3,0e188f7c0439f178,open,HIND,"VYOME HOLDINGS, INC.",2834,319714,5,2026-09-20T15:24:26.087Z
1428439,2025-12-31,4333354760,6422388100,v3,6bc39a73c23cb956,open,ROKU,"Roku, Inc.",4841,4737251000,5,2026-09-20T15:23:00.739Z
1430306,2025-12-31,12491651,22430165,v3,d37d11cc86cfb6ae,open,TNXP,TONIX PHARMACEUTICALS HOLDING CORP.,2834,13107000,3,2026-09-20T15:21:38.531Z
1433607,2025-12-31,8181137,14690152,v3,1a3257bc4d2a15e0,open,NSPR,"InspireMD, Inc.",3841,8979000,5,2026-09-22T14:26:55.638Z
1436126,2025-12-31,573899907,922401499,v3,3e3ef3d404827769,open,MG,"Mistras Group, Inc.",8711,724024000,5,2026-09-21T14:14:39.390Z
1436126,2025-12-31,631900077,803841048,v4.1,f0ad0f7cc3b3a4df,open,MG,"Mistras Group, Inc.",8711,724024000,5,2026-09-24T17:39:04.559Z
1436208,2025-12-31,105291555,191471078,v4.1,494b746fa6011be8,open,LEGH,Legacy Housing Corporation,2451,164567000,5,2026-09-24T18:53:43.365Z
1436208,2025-12-31,113932519,183118214,v3,8b908864b84a26e8,open,LEGH,Legacy Housing Corporation,2451,164567000,5,2026-09-21T16:09:32.011Z
1437517,2024-12-31,28492,51161,v3,92d6bd0ae8e1bfac,void,CLOQ,"CYBERLOQ TECHNOLOGIES, INC.",7372,15000,5,2026-09-20T14:14:13.738Z
1438533,2025-12-31,568241553,1452091632,v4.1,06d68c593b4c5d9d,open,TVTX,"TRAVERE THERAPEUTICS, INC.",2834,490728000,5,2026-09-24T19:01:19.631Z
1438533,2025-12-31,726454663,1167595363,v3,d6d62562e6be2861,open,TVTX,"TRAVERE THERAPEUTICS, INC.",2834,490728000,5,2026-09-22T14:26:47.986Z
1441236,2025-12-31,1370610665,2031357716,v3,61ce722a94741118,open,CLW,CLEARWATER PAPER CORPORATION,2631,1555400000,5,2026-09-22T14:28:14.811Z
1442145,2025-12-31,2612192163,3871483594,v3,bc8c9d3ca4fed02e,open,VRSK,"Verisk Analytics, Inc.",7374,3072700000,5,2026-09-20T15:22:47.364Z
1442145,2025-12-31,2937950168,3505399225,v4.1,e4873fa09bad300b,open,VRSK,"Verisk Analytics, Inc.",7374,3072700000,5,2026-09-25T12:53:55.925Z
1443863,2025-12-31,30881896,55451917,v3,cdb375326db7ee22,open,BICX,BioCorRx Inc.,8093,797244,5,2026-09-20T15:20:51.768Z
1446159,2025-12-31,73408,187869,v4.1,f417684e561a5b90,open,AGPU,Axe Compute Inc,6199,125284,5,2026-09-24T16:16:03.627Z
1446159,2025-12-31,87983,157983,v3,ed43a1245744c83c,open,AGPU,Axe Compute Inc,6199,125284,5,2026-09-20T14:27:06.855Z
1449792,2025-12-31,22602733,40585750,v3,61e46143f6f56840,open,PPSI,"Pioneer Power Solutions, Inc.",3690,27627000,5,2026-09-23T14:35:30.774Z
1451505,2025-12-31,3594667924,5327593464,v3,d413b3c878dccb3f,open,RIG,Transocean Ltd.,1381,3965000000,5,2026-09-20T15:24:47.642Z
1455863,2025-12-31,2005715083,2972634689,v3,34d2ef5992287915,open,COLD,"AMERICOLD REALTY TRUST, INC.",6798,2601846000,5,2026-09-20T15:22:29.879Z
1456772,2025-12-31,347510575,485895246,v4.1,63a113c0ff58f532,open,OPI,OFFICE PROPERTIES INCOME TRUST,6500,442556000,5,2026-09-25T13:58:25.265Z
1459188,2011-12-31,565247,1014964,v3,269c332eb6732d90,void,CHEV,CHARGING ROBOTICS INC.,5013,775155,2,2026-09-20T15:23:46.661Z
1459839,2025-12-31,193188005,310501715,v3,28fb4923614545b1,open,SIBN,"SI-BONE, INC.",3841,200925000,5,2026-09-20T14:26:57.747Z
1459839,2025-12-31,210826016,273110094,v4.1,3efdec3a31a66848,open,SIBN,"SI-BONE, INC.",3841,200925000,5,2026-09-24T19:25:22.911Z
1462223,2025-12-31,586298172605,1052764316472,v3,07d5deccdb949cc4,open,NIXX,"NIXXY, INC.",7371,97906000,5,2026-09-20T15:21:32.530Z
1463000,2025-12-31,28988753,52052567,v3,e8163dffc35a4cdb,open,GRUSF,Grown Rogue International Inc.,100,32427936,2,2026-09-20T14:11:16.295Z
1463101,2025-12-31,1151160326,1706114266,v3,72dd97446ab305b7,open,ENPH,"Enphase Energy, Inc.",3674,1472985000,5,2026-09-22T21:25:51.341Z
1463101,2025-12-31,874821427,2287116518,v4.1,d598a76936800e7d,open,ENPH,"Enphase Energy, Inc.",3674,1472985000,5,2026-09-24T15:30:31.451Z
1464343,2025-12-31,2140920888,3173020810,v3,15d1122d5685e5cb,open,ATLCP,Atlanticus Holdings Corp,6141,1968399000,5,2026-09-20T15:20:52.721Z
1464790,2025-12-31,570332008,1585671009,v4.1,71cdabaf795a98fd,open,RILY,"BRC Group Holdings, Inc.",6282,967599000,5,2026-09-24T18:18:20.763Z
1464790,2025-12-31,759897351,1221346174,v3,1bfa6a2aabffaf3e,open,RILY,"BRC Group Holdings, Inc.",6282,967599000,5,2026-09-20T15:20:50.648Z
1466085,2025-12-31,386898220,1137900096,v4.1,c0ba8d905a31cc08,open,IRT,"INDEPENDENCE REALTY TRUST, INC.",6798,657696000,5,2026-09-25T02:33:31.814Z
1466085,2025-12-31,529900781,851683837,v3,f8a80f6b3314fc55,open,IRT,"INDEPENDENCE REALTY TRUST, INC.",6798,657696000,5,2026-09-20T14:19:58.667Z
1467760,2025-12-31,199003190,319848179,v3,9b0d87e3ba7e0ef1,open,ARI,"Apollo Commercial Real Estate Finance, Inc.",6798,271589000,5,2026-09-20T15:22:39.515Z
1467761,2025-12-31,15440808,62189754,v4.1,a9c86d0c7b726dc0,open,FIEE,"FIEE, INC.",3661,6193616,5,2026-09-25T06:22:28.024Z
1467761,2025-12-31,23126533,41526292,v3,94cd6f01b8645b83,open,FIEE,"FIEE, INC.",3661,6193616,5,2026-09-20T14:04:29.733Z
1468327,2026-01-31,244635991,420934208,v2,ab60e90521f40adc,open,RENT,"Rent the Runway, Inc.",5990,329800000,5,2026-09-19T16:33:46.923Z
1468327,2026-01-31,272317160,429748653,v4.1,b06de5c7964846d4,open,RENT,"Rent the Runway, Inc.",5990,329800000,5,2026-09-24T16:22:31.828Z
1468327,2026-01-31,274884430,441808419,v3,0b8f15b3ff4360fe,open,RENT,"Rent the Runway, Inc.",5990,329800000,5,2026-09-20T14:14:04.868Z
1468327,2026-01-31,355218942,372202229,v1,34c742c512bbdfbb,open,RENT,"Rent the Runway, Inc.",5990,329800000,5,2026-09-19T16:27:27.800Z
1468492,2026-04-30,3068,5509,v3,105fd55da787651b,open,HSCS,HeartSciences Inc.,6199,4319,5,2026-09-20T15:23:44.786Z
1469367,2025-12-31,2754744626,4869448430,v4.1,70d02f2ffc0d02d8,open,RUN,Sunrun Inc.,1700,2956997000,5,2026-09-24T15:30:28.459Z
1469367,2025-12-31,2980942050,4418001250,v3,d4347d4fb7b2402b,open,RUN,Sunrun Inc.,1700,2956997000,5,2026-09-22T21:25:54.982Z
14693,2026-04-30,4015067549,5950660279,v3,e37091056c934d55,open,BF-B,BROWN FORMAN CORP,2080,5082000000,5,2026-09-20T15:18:25.602Z
1469443,2025-12-31,2544629,7479521,v4.1,f9325af246d7052e,open,RKDA,"Arcadia Biosciences, Inc.",1311,4858000,5,2026-09-24T16:57:27.834Z
1469443,2025-12-31,3264628,5862006,v3,44f7414896a0a46e,open,RKDA,"Arcadia Biosciences, Inc.",1311,4858000,5,2026-09-20T14:14:01.189Z
14707,2026-01-31,2180951082,3232348850,v3,be66e42a9d059dc0,open,CAL,"CALERES, INC",3140,2757853000,5,2026-09-20T15:18:35.730Z
1471727,2025-09-30,1629034,2925114,v3,1963d5eea636c8e1,open,SRXH,SRX Global Inc.,2080,6534000,5,2026-09-20T15:20:41.297Z
1472494,2014-12-31,188044560,337655158,v3,e44ac235d1865ad6,void,BNO,"United States Brent Oil Fund, LP",6221,-26099282,5,2026-09-20T15:20:25.749Z
1473334,2025-12-31,12287011,31508906,v3,6a844cb211f05388,open,XMAX,XMAX INC.,2510,16722703,5,2026-09-20T13:12:33.825Z
1474098,2025-12-31,1194003851,1769611894,v3,0c1ae4f383dd10b6,open,PEB,PEBBLEBROOK HOTEL TRUST,6798,1475544000,5,2026-09-20T15:18:35.141Z
1474735,2025-12-31,3269117257,4845100605,v3,a27b59e88b9cf5cd,open,GNRC,GENERAC HOLDINGS INC.,3621,4209147000,5,2026-09-20T13:57:57.522Z
1474735,2025-12-31,3386955333,4762748293,v4.1,92cb07a8d245ea29,open,GNRC,GENERAC HOLDINGS INC.,3621,4209147000,5,2026-09-24T18:07:47.082Z
1474735,2025-12-31,3396969429,4792149972,v4,e31ca24f9d0ed5f6,open,GNRC,GENERAC HOLDINGS INC.,3621,4209147000,5,2026-09-24T13:04:18.755Z
1474903,2025-12-28,35166788,140002599,v4.1,0f7117ae1f02e39c,open,BGSF,"BGSF, INC",7363,93310000,5,2026-09-24T18:10:35.082Z
1474903,2025-12-28,38215580,98000331,v2,f569a54947e39aa2,open,BGSF,"BGSF, INC",7363,93310000,5,2026-09-19T16:33:32.924Z
1474903,2025-12-28,53842224,96679770,v3,57818d04ee82cc96,open,BGSF,"BGSF, INC",7363,93310000,5,2026-09-20T14:27:26.015Z
1474903,2025-12-28,73779909,83396449,v1,030669577f0c169f,open,BGSF,"BGSF, INC",7363,93310000,5,2026-09-19T16:26:56.957Z
1477720,2026-01-31,670479566,1111571176,v4.1,d597a754d9881773,open,ASAN,"Asana, Inc.",7372,790806000,5,2026-09-25T02:58:31.788Z
1477720,2026-01-31,693355596,1114396836,v3,23b30023ed219c38,open,ASAN,"Asana, Inc.",7372,790806000,5,2026-09-20T15:20:30.648Z
1478242,2025-12-31,13541774331,19432034978,v3,4476eab37dff4453,open,IQV,IQVIA HOLDINGS INC.,8731,16310000000,5,2026-09-20T15:24:12.773Z
1479247,2020-12-31,-47448070,-85198347,v3,fde210ab4d27856c,void,USCI,United States Commodity Index Funds Trust,6221,-16559249,5,2026-09-20T15:20:55.780Z
1479681,2025-12-31,1177097884,1891892364,v3,a02c5ffcb6064165,open,NUTX,NUTEX HEALTH INC.,7389,875257000,5,2026-09-20T15:22:49.356Z
1482430,2025-12-31,180703277,290435616,v3,17fb8cdbcc3651b0,open,KBSR,"KBS REAL ESTATE INVESTMENT TRUST III, INC.",6798,249961000,5,2026-09-23T14:35:42.835Z
1482430,2025-12-31,195297519,258051380,v4.1,676eedae3edeac1b,open,KBSR,"KBS REAL ESTATE INVESTMENT TRUST III, INC.",6798,249961000,5,2026-09-24T15:10:02.878Z
1482541,2024-12-31,1024438,1839493,v3,8e8903198214d001,void,BNC,CEA INDUSTRIES INC.,700,2803470,5,2026-09-20T14:19:58.226Z
1484612,2025-12-31,100558985,145238377,v4.1,89d12cccc2a238de,open,OM,"Outset Medical, Inc.",3845,119476000,5,2026-09-24T22:36:15.730Z
1484612,2025-12-31,97193061,156213696,v3,1f30de5e92e54d2f,open,OM,"Outset Medical, Inc.",3845,119476000,5,2026-09-20T15:20:50.609Z
14846,2025-12-31,53746566,137828110,v2,07aa7fe3496e4e1d,open,BRT,BRT APARTMENTS CORP.,6798,97028000,5,2026-09-19T16:33:33.902Z
14846,2025-12-31,56546372,173797543,v4.1,03da7d8cf6e34772,open,BRT,BRT APARTMENTS CORP.,6798,97028000,5,2026-09-24T19:02:20.416Z
14846,2025-12-31,75723948,135970867,v3,032abf01a1d9749a,open,BRT,BRT APARTMENTS CORP.,6798,97028000,5,2026-09-20T13:58:00.402Z
14846,2025-12-31,98446437,127979565,v1,c776e48531e63712,open,BRT,BRT APARTMENTS CORP.,6798,97028000,5,2026-09-19T16:27:00.338Z
1488139,2024-12-31,1703891357,2525307108,v3,82e55295334ad106,void,AMRC,"Ameresco, Inc.",1700,1769928000,5,2026-09-20T14:14:14.676Z
1490906,2025-09-30,10905499,24048175,v4.1,9d9ae7be791d5919,open,CFFN,"Capitol Federal Financial, Inc.",6035,16300000,5,2026-09-24T20:23:51.657Z
1490906,2025-09-30,12148267,21813580,v3,0d555fb78bf4f178,open,CFFN,"Capitol Federal Financial, Inc.",6035,16300000,5,2026-09-23T14:34:54.745Z
1491419,2026-03-31,29499563,117033734,v4.1,445214dfa03823e6,open,LVO,"LiveOne, Inc.",5812,77144000,5,2026-09-24T14:20:30.428Z
1492617,2023-09-30,67893478,121910377,v3,b1b284ba3f0d1cb5,void,FWFW,"FLYWHEEL     ADVANCED TECHNOLOGY, INC.",7380,1448176,4,2026-09-20T15:21:59.728Z
14930,2025-12-31,4152769490,6154745880,v3,ca390d3682ff54c2,open,BC,Brunswick Corporation,3510,5362800000,5,2026-09-23T14:34:48.948Z
14930,2025-12-31,4259627031,6111029426,v4.1,2ff55596baf6a407,open,BC,Brunswick Corporation,3510,5362800000,5,2026-09-25T02:56:52.084Z
1493712,2024-05-31,0,0,v3,a4ff94c382a16df7,void,STME,Stimcell Energetics Inc.,3841,,5,2026-09-20T15:20:42.338Z
1494582,2025-12-31,87404584,150393158,v2,c8474abe94b28d24,open,BOC,BOSTON OMAHA Corp,6510,114376348,5,2026-09-19T18:07:16.287Z
1494582,2025-12-31,98211874,157851184,v3,406d6d650d8b5fd3,open,BOC,BOSTON OMAHA Corp,6510,114376348,5,2026-09-20T15:19:17.561Z
1495320,2026-01-31,176524566,283719378,v3,e2ce39b6a26fbcf2,open,VRA,"VERA BRADLEY, INC.",3100,269651000,5,2026-09-20T15:20:51.999Z
1495932,2025-12-31,3905284242,5787952390,v3,c5ae6cd6ba36b0c6,open,AGNT,"AGNT, INC.",6531,4772311000,5,2026-09-20T15:19:50.516Z
1495932,2025-12-31,4152060265,5544174694,v4.1,10bc2e4cd356fd1f,open,AGNT,"AGNT, INC.",6531,4772311000,5,2026-09-25T04:56:31.986Z
1497770,2025-12-31,1022572361,1515536328,v3,96240a766ff33741,open,WD,"Walker & Dunlop, Inc.",6199,1234306000,5,2026-09-20T14:10:57.041Z
1497770,2025-12-31,1076499487,1466134027,v4.1,51d04d8682a0ab56,open,WD,"Walker & Dunlop, Inc.",6199,1234306000,5,2026-09-24T15:48:58.273Z
1498148,2026-02-28,8701475,15624478,v3,d497d54a297afb84,open,AITX,ARTIFICIAL INTELLIGENCE TECHNOLOGY SOLUTIONS INC.,7372,7745336,5,2026-09-20T15:21:40.259Z
1499422,2025-12-31,2965052,8232997,v4.1,a4e1ad214847fbbc,open,RBB,RBB Bancorp,6022,5167000,5,2026-09-25T10:59:07.924Z
1499422,2025-12-31,3699055,6642069,v3,2d2511248ace071c,open,RBB,RBB Bancorp,6022,5167000,5,2026-09-20T15:22:01.443Z
1500435,2025-12-31,425126888,683285837,v3,8216e69f04ddeecb,open,GPRO,"GOPRO, INC.",3861,651542000,5,2026-09-20T15:23:50.514Z
1501697,2025-12-31,348016162,624902163,v3,ccf25170d7e0161d,open,XFOR,"X4 PHARMACEUTICALS, INC",2836,35113000,5,2026-09-20T15:20:40.025Z
1503802,2025-12-31,114168505,183497504,v3,b55521f3e2298476,open,KPTI,Karyopharm Therapeutics Inc.,2834,146067000,5,2026-09-20T14:07:15.513Z
1503802,2025-12-31,116469623,173124078,v4.1,78cd583d5b886a8b,open,KPTI,Karyopharm Therapeutics Inc.,2834,146067000,5,2026-09-24T19:48:48.660Z
1504678,2026-02-28,280053,502866,v3,a0b63a46b1bf58b3,open,LOOP,"Loop Industries, Inc.",2800,514000,5,2026-09-20T15:24:50.715Z
1505497,2025-12-31,136122,1276162,v4.1,0328796a6d62f9eb,open,BRTX,"BIORESTORATIVE THERAPIES, INC.",8090,359700,5,2026-09-25T04:41:42.033Z
1505497,2025-12-31,308816,554514,v3,cc8f55d542f2d382,open,BRTX,"BIORESTORATIVE THERAPIES, INC.",8090,359700,5,2026-09-20T14:14:01.884Z
1505952,2026-01-31,253605474,407607784,v3,112492d9d89591b4,open,DOMO,"DOMO, INC.",7372,318857000,5,2026-09-23T14:35:30.256Z
1505952,2026-01-31,266984989,372185300,v4.1,df71843e43073dec,open,DOMO,"DOMO, INC.",7372,318857000,5,2026-09-24T19:02:03.860Z
1506293,2025-12-31,3697051800,5483076561,v3,fd14fe142152ff13,open,PINS,"Pinterest, Inc.",7370,4221767000,5,2026-09-20T13:12:30.989Z
1506293,2025-12-31,4314030310,5235083245,v4.1,262b71e7de87a1db,open,PINS,"Pinterest, Inc.",7370,4221767000,5,2026-09-24T21:59:52.071Z
1506307,2025-12-31,13927264832,19985202142,v3,e1011b5e93ef728c,open,KMI,"KINDER MORGAN, INC.",4922,16937000000,5,2026-09-20T15:20:31.752Z
1506983,2019-12-31,418334,751165,v3,5297e3b003356cde,void,GCTK,"Glucotrack, Inc.",3841,208000,5,2026-09-20T14:00:58.247Z
1509745,2021-12-31,1100850,1976700,v3,3e98f6c3ec2be30e,void,CYPH,CYPHERPUNK TECHNOLOGIES INC.,2834,1500000,2,2026-09-20T15:18:50.288Z
1509991,2025-12-31,818767059,1213480112,v3,6d077be77b56c1ad,open,KOS,Kosmos Energy Ltd.,1311,1288352000,5,2026-09-20T15:19:48.568Z
1512499,2025-12-31,550386820,1539735693,v4.1,4c73293b80c8004f,open,LIND,"LINDBLAD EXPEDITIONS HOLDINGS, INC.",4700,771019000,5,2026-09-24T19:52:04.239Z
1512499,2025-12-31,735554930,1182221780,v3,dc36e09ec8b2861f,open,LIND,"LINDBLAD EXPEDITIONS HOLDINGS, INC.",4700,771019000,5,2026-09-20T14:04:31.945Z
1512762,2025-12-31,33777711,60651679,v3,d08de0ff292e331b,open,CHRS,"Coherus Oncology, Inc.",2836,42172000,5,2026-09-20T15:24:29.216Z
1512922,2026-03-31,468461,2942471,v4.1,17f5fdd8e00b755d,open,PETV,"PetVivo Holdings, Inc.",3841,1141607,5,2026-09-24T21:05:07.929Z
1512922,2026-03-31,872892,1567377,v3,d2274e7b4761da0b,open,PETV,"PetVivo Holdings, Inc.",3841,1141607,5,2026-09-23T14:36:54.636Z
1514416,2025-12-31,625160381,1004789974,v3,e45c7446bbe3c7a5,open,BAND,BANDWIDTH INC.,7372,753817000,5,2026-09-20T15:24:50.297Z
1514416,2025-12-31,659785701,915093149,v4.1,41d0507317e26efe,open,BAND,BANDWIDTH INC.,7372,753817000,5,2026-09-24T14:06:25.417Z
1514705,2025-12-31,1407083477,2085413422,v3,ec3028781565c030,open,SXC,"SUNCOKE ENERGY, INC.",3312,1837300000,5,2026-09-20T14:14:02.777Z
1514705,2025-12-31,1412615744,2115606984,v4.1,29983ddd9f122793,open,SXC,"SUNCOKE ENERGY, INC.",3312,1837300000,5,2026-09-24T15:37:30.950Z
1514991,2025-12-31,1711664120,2536826981,v3,5134733562d58f95,open,AMCX,AMC Global Media Inc.,4841,2311801000,5,2026-09-20T15:24:50.484Z
1515139,2025-12-31,309211,555222,v3,4520683ac2b4bd75,open,WAST,WASTE ENERGY CORP.,7389,424167,5,2026-09-20T15:24:50.975Z
1515156,2025-12-31,102404639,164590012,v3,360bb38e1a7acec9,open,ARQ,"ARQ, INC.",2890,120336000,5,2026-09-20T15:24:49.748Z
1515156,2025-12-31,110583229,146364366,v4.1,3d5df0a7e0bbfe2b,open,ARQ,"ARQ, INC.",2890,120336000,5,2026-09-25T07:04:40.036Z
1515673,2025-12-31,644970935,1036630517,v3,b7492c50fa74d783,open,RARE,ULTRAGENYX PHARMACEUTICAL INC.,2834,673000000,5,2026-09-20T15:23:53.457Z
1516513,2026-03-31,581169119,934084950,v3,74984622c1a6355e,open,DOCS,"Doximity, Inc.",7371,644863000,5,2026-09-20T15:24:48.403Z
1517302,2025-12-31,1018545236,1509567798,v3,fb1742c0cb66bf94,open,APAM,Artisan Partners Asset Management Inc.,6282,1196688000,5,2026-09-20T15:24:28.442Z
1518715,2025-12-31,37709440,67711541,v3,985579262ac708e1,open,MCHB,MECHANICS BANCORP,6022,49728000,2,2026-09-20T15:24:50.869Z
1519401,2025-12-31,555276806,892469492,v3,e4b8af2c70ff321f,open,RM,Regional Management Corp.,6141,645598000,5,2026-09-20T15:24:16.369Z
1519751,2025-12-27,3265152395,5535600923,v4.1,6fcb20d3b5009aaf,open,FBIN,"Fortune Brands Innovations, Inc.",2430,4463200000,5,2026-09-25T07:04:43.976Z
1519751,2025-12-27,3460281785,5128422155,v3,e0b9001cf12de2a5,open,FBIN,"Fortune Brands Innovations, Inc.",2430,4463200000,5,2026-09-20T14:32:57.535Z
1520006,2025-12-31,3092762658,4583728586,v3,2a18d09891f16bcf,open,MTDR,Matador Resources Company,1311,3696277000,5,2026-09-20T14:00:59.995Z
1520262,2025-12-31,1135592925,1917723909,v4.1,4c7c9ba8c9e0a119,open,ALKS,Alkermes plc.,2834,1475899000,5,2026-09-24T19:01:23.839Z
1520262,2025-12-31,1201108229,1780141166,v3,06681f631f9e2dc7,open,ALKS,Alkermes plc.,2834,1475899000,5,2026-09-20T14:27:03.427Z
1522727,2025-12-31,855486349,1374981736,v3,a81d9d9bc647b4e5,open,USAC,"USA Compression Partners, LP",4922,998099000,5,2026-09-20T15:24:48.679Z
1522767,2025-12-31,130729423,210115065,v3,5e03af028b1729fd,open,MRMD,MARIMED INC.,2833,159826000,5,2026-09-23T14:36:58.602Z
1524025,2026-01-31,416894091,670053662,v3,0d198afd709cfcaa,open,TLYS,"TILLY’S, INC.",5600,553585000,5,2026-09-20T15:24:30.176Z
1525769,2026-02-03,1193525916,3569946293,v4.1,76e3ea8c1076ec83,open,PLAY,"Dave & Buster’s Entertainment, Inc.",5812,2102800000,5,2026-09-24T14:06:02.464Z
1525769,2026-02-03,1679827258,2489642133,v3,cd23dac148a5449b,open,PLAY,"Dave & Buster’s Entertainment, Inc.",5812,2102800000,5,2026-09-22T14:28:42.069Z
1526113,2025-12-31,383390503,616204969,v3,0652db077dc03889,open,GNL,"Global Net Lease, Inc.",6798,495286000,5,2026-09-20T15:24:29.464Z
1527352,2025-12-31,211046,596263,v4.1,14eea4f722c6d1dd,open,NXL,"Nexalin Technology, Inc.",3845,301647,5,2026-09-24T16:23:40.620Z
1527352,2025-12-31,265545,476816,v3,9cbe559752813b2e,open,NXL,"Nexalin Technology, Inc",3845,301647,5,2026-09-20T15:23:42.783Z
1527541,2025-12-31,52879377,135604286,v2,5f64b0d5f86abf0a,open,WHLR,"Wheeler Real Estate Investment Trust, Inc.",6798,99445000,5,2026-09-19T16:33:55.357Z
1527541,2025-12-31,52879377,135604286,v3,a874f38bfb599987,open,WHLR,"Wheeler Real Estate Investment Trust, Inc.",6798,99445000,5,2026-09-20T13:12:48.578Z
1527541,2025-12-31,69640825,138705630,v4.1,bd0d8a45dd55b73b,open,WHLR,"Wheeler Real Estate Investment Trust, Inc.",6798,99445000,5,2026-09-24T19:44:45.200Z
1527541,2025-12-31,94567560,112226614,v1,667d4cd7a764d320,open,WHLR,"Wheeler Real Estate Investment Trust, Inc.",6798,99445000,5,2026-09-19T16:27:47.610Z
1527613,2025-09-30,25791808,46312092,v3,a20b1ef743d26a25,open,CIMG,CIMG Inc.,5900,10297778,5,2026-09-20T15:24:48.181Z
1527702,2025-12-31,327788720,526838920,v3,0e3f888f0385c684,open,IQST,IQSTEL Inc.,4813,316899498,5,2026-09-20T15:24:10.905Z
1527762,2025-12-31,5178551,9298670,v3,46c04975c023be28,open,CD,CHAINCE DIGITAL HOLDINGS INC.,6199,1867068,2,2026-09-25T14:01:02.545Z
1528849,2026-01-31,2827299126,4190289802,v3,8aaf0daf01a4ca75,open,RH,RH,5712,3439536000,5,2026-09-20T15:23:51.653Z
1528985,2025-12-31,125379377,201516194,v3,4fc356248e6adf63,open,INRE,"Inland Real Estate Income Trust, Inc.",6798,153581000,5,2026-09-20T14:14:09.208Z
1528985,2025-12-31,135748466,178713305,v4.1,e91469176072c7b9,open,INRE,"Inland Real Estate Income Trust, Inc.",6798,153581000,5,2026-09-24T17:38:36.979Z
1529377,2025-12-31,27935643,63302462,v4.1,732f2f2c8cb1efeb,open,ACRE,ARES COMMERCIAL REAL ESTATE CORPORATION,6798,54833000,5,2026-09-25T09:38:11.823Z
1529377,2025-12-31,31949687,57369257,v3,82a5875a4747b8b7,open,ACRE,ARES COMMERCIAL REAL ESTATE CORPORATION,6798,54833000,5,2026-09-23T14:37:04.005Z
1529864,2025-12-31,3014964829,4468425806,v3,c68df3c36fc4a06e,open,ENVA,"Enova International, Inc.",6141,3151653000,5,2026-09-20T14:14:14.568Z
1529864,2025-12-31,3272671997,4192263549,v4.1,44913ba81274c379,open,ENVA,"Enova International, Inc.",6141,3151653000,5,2026-09-24T19:49:14.859Z
1530721,2026-03-28,2502204466,3708472782,v3,170abced673f1bff,open,CPRI,CAPRI HOLDINGS LIMITED,3100,3474000000,5,2026-09-20T15:24:50.104Z
1531152,2026-01-31,17657587949,25338102545,v3,6ff5cb98cb29d8ff,open,BJ,"BJ’S WHOLESALE CLUB HOLDINGS, INC.",5331,21457274000,5,2026-09-20T15:20:47.318Z
1532619,2025-12-31,366411,4442779,v4.1,6247b8b16d85fbed,open,PW,Power REIT,6798,2011783,5,2026-09-24T14:20:04.467Z
1533998,2025-12-31,14427587,25906356,v3,d27fd844def7a5b2,open,DRIO,DarioHealth Corp.,3841,22359000,5,2026-09-20T15:24:30.600Z
1533998,2025-12-31,8642064,43408628,v4.1,98782842f96ce5e0,open,DRIO,DarioHealth Corp.,3841,22359000,5,2026-09-25T04:15:23.380Z
1534154,2025-12-31,1143152,13446567,v4.1,38cd0563f16d555b,open,AUID,authID Inc.,7372,2040660,5,2026-09-24T19:25:36.061Z
1534154,2025-12-31,2899335,5206082,v3,a955a6f7705e39c2,open,AUID,authID Inc.,7372,2040660,5,2026-09-20T14:14:15.052Z
1534525,2025-12-31,1790912,6848219,v4.1,af3c29e29f42127c,open,XBIO,"XENETIC BIOSCIENCES, INC.",2834,2976411,5,2026-09-24T19:27:40.230Z
1534525,2025-12-31,2614777,4695125,v3,3e6262cfc039dfda,open,XBIO,"XENETIC BIOSCIENCES, INC.",2834,2976411,5,2026-09-20T14:03:58.804Z
1534675,2025-12-31,859787930,1381895458,v3,fbe0fcac6d6a89b8,open,TGLS,TECNOGLASS HOLDINGS INC.,3211,983610000,5,2026-09-20T15:24:08.223Z
15357,2025-06-30,2470764,4436535,v3,f2f24c616c2cc476,void,,CHASE GENERAL CORP,2060,3343170,5,2026-09-20T14:11:06.368Z
1535955,2025-12-31,1274951,2289318,v3,e7a5557fb63d7c01,open,LPCN,LIPOCINE INC.,2834,1976677,5,2026-09-20T15:23:52.708Z
1538379,2025-12-31,266680126,471640289,v4.1,cc64d093b0efd098,open,IBTA,"IBOTTA, INC.",7310,342389000,4,2026-09-25T14:01:09.610Z
1538716,2025-12-31,693727592,1219168102,v4.1,3e4bf307e86fc6d7,open,OPRT,OPORTUN FINANCIAL CORPORATION,6199,956685000,5,2026-09-25T13:43:48.280Z
1538716,2025-12-31,738195917,1186466510,v3,54847b03332c0009,open,OPRT,OPORTUN FINANCIAL CORPORATION,6199,956685000,5,2026-09-20T14:19:56.793Z
1538990,2025-12-31,1076230785,1595062525,v3,2729fb45c1532c1c,open,,STORE CAPITAL LLC,6798,1239339000,5,2026-09-22T14:28:42.525Z
1538990,2025-12-31,1183702923,1476893357,v4.1,2d534a7e42290dd4,open,,STORE CAPITAL LLC,6798,1239339000,5,2026-09-24T16:22:35.950Z
1543151,2025-12-31,48050382559,67042191914,v3,aa1c4bbba8605257,open,UBER,"Uber Technologies, Inc",7389,52017000000,5,2026-09-20T12:51:52.545Z
1544227,2017-12-31,97807,175623,v3,eaee6402139a7a11,void,TPST,"Tempest Therapeutics, Inc.",2834,295000,5,2026-09-20T14:27:08.751Z
1546296,2025-12-31,3747117,9869869,v4.1,fdb1d30023ae14b0,open,IPDN,"Professional Diversity Network, Inc.",7370,6546739,5,2026-09-24T13:35:16.296Z
1546296,2025-12-31,4555077,8179152,v3,5540d074071c6231,open,IPDN,"Professional Diversity Network, Inc.",7370,6546739,5,2026-09-20T14:10:57.597Z
1547459,2025-09-30,1082790180,1605879976,v3,9052171d3208f98a,open,NGVC,"Natural Grocers by Vitamin Cottage, Inc.",5411,1330836000,5,2026-09-20T13:12:41.857Z
1549084,2026-05-31,188686446,338807738,v3,9dc47ff21d5f8af7,open,CHRN,CHRONOSCALE HOLDINGS CORPORATION,3569,71604000,5,2026-09-20T14:14:08.442Z
1549346,2025-12-31,736577087,1267395247,v3,13dbe8936f433817,open,SSTK,"SHUTTERSTOCK, INC.",7374,989925000,5,2026-09-20T13:12:30.290Z
1552033,2025-12-31,4288734451,5469117248,v4.1,e930041568125476,open,TRU,TransUnion,7320,4576300000,5,2026-09-24T14:19:04.777Z
1553643,2013-08-31,2431,4366,v3,8237092e6c134c2f,void,RLMD,"RELMADA THERAPEUTICS, INC.",2834,5129,2,2026-09-20T15:20:41.512Z
1553788,2025-12-31,6715,12057,v3,79e1f54fba2ca538,open,EDVA,"SPLASH BEVERAGE GROUP, INC.",2080,73066,5,2026-09-20T15:21:41.994Z
1557376,2025-10-31,2694817,10220011,v4.1,f56b74c9e2f68c46,open,ZEOX,"Zeo ScientifiX, Inc.",2836,5199000,5,2026-09-24T16:08:29.614Z
1557376,2025-10-31,2694817,10220011,v4,170a439046d20455,open,ZEOX,"Zeo ScientifiX, Inc.",2836,5199000,5,2026-09-24T12:59:42.525Z
1557376,2025-10-31,3918588,7036265,v3,169866ba61abdec0,open,ZEOX,"Zeo ScientifiX, Inc.",2836,5199000,5,2026-09-20T14:26:57.905Z
1557798,2025-07-31,11539240,20720003,v3,39d463e993af3cf7,void,CIIT,"TIANCI INTERNATIONAL, INC.",3576,9282997,5,2026-09-20T15:19:39.955Z
1558569,2025-12-31,452043,1195528,v4.1,839127c8148eb93c,open,ISPC,iSpecimen Inc.,8731,1928998,5,2026-09-25T11:38:11.418Z
1558569,2025-12-31,550612,988686,v3,566065cb4bd5dfcc,open,ISPC,iSpecimen Inc.,8731,1928998,5,2026-09-20T15:24:23.970Z
1560293,2025-12-31,3471896,9626130,v4.1,562142f4f3b7ea7d,open,TNON,"Tenon Medical, Inc.",3841,3944000,5,2026-09-24T18:23:01.515Z
1560293,2025-12-31,4328230,7771824,v3,b725856688e7710f,open,TNON,"Tenon Medical, Inc.",3841,3944000,5,2026-09-20T14:13:59.736Z
1560385,2025-12-31,2400342064,11040818378,v4.1,7d3cd29b74899327,open,FWONA,LIBERTY MEDIA CORPORATION,4833,4482000000,5,2026-09-25T05:27:55.524Z
1560385,2025-12-31,4188996127,6208436735,v3,88771519e5df30b9,open,FWONA,LIBERTY MEDIA CORPORATION,4833,4482000000,5,2026-09-20T15:23:52.251Z
1561894,2025-12-31,352346713,566309790,v3,932228a5b86d9416,open,HASI,"HA SUSTAINABLE INFRASTRUCTURE CAPITAL, INC.",6799,400502000,5,2026-09-22T21:26:02.367Z
1562463,2019-12-31,13687935,24578228,v3,1aed27367c7d7239,void,INBK,First Internet Bancorp,6022,11541000,3,2026-09-20T14:10:59.228Z
1562528,2025-12-31,233719810,399060039,v4.1,287e3d88457ca73f,open,FBRT,"FRANKLIN BSP REALTY TRUST, INC.",6798,270071000,5,2026-09-24T20:23:44.061Z
1562528,2025-12-31,245208541,394111801,v3,b727af2d794f2a08,open,FBRT,"FRANKLIN BSP REALTY TRUST, INC.",6798,270071000,5,2026-09-20T14:14:15.039Z
1562733,2025-12-31,20999261,37706536,v3,7aef923d9c51645d,open,SNYR,Synergy CHC Corp.,2833,30380809,5,2026-09-20T15:22:32.664Z
1563568,2025-12-31,3725222,42532746,v4.1,1eabec7a9d2a8bbc,open,AZIO,"Azio AI Holdings, Inc.",3714,5939008,5,2026-09-24T16:37:30.727Z
1563568,2025-12-31,9310842,16718665,v3,7a2072ded7b01dc7,open,AZIO,"Azio AI Holdings, Inc.",3714,5939008,5,2026-09-20T14:10:57.576Z
1564408,2025-12-31,5176295069,7671694955,v3,a2d38493f1a3bbe9,open,SNAP,SNAP INC,7370,5931447000,5,2026-09-20T15:24:15.120Z
1564708,2026-06-30,7570375116,11219918458,v3,d6c14f4bdefa65ed,open,NWSA,NEWS CORPORATION,2711,9028000000,5,2026-09-20T15:21:26.279Z
1564708,2026-06-30,7741042935,11174984437,v4.1,58113c6deb11d7ca,open,NWSA,NEWS CORPORATION,2711,9028000000,5,2026-09-24T13:37:11.738Z
1564902,2025-12-31,1289330760,1910894212,v3,06fc765a82af3a3e,open,PRKS,United Parks & Resorts Inc.,7990,1662559000,5,2026-09-23T14:36:34.012Z
1564902,2025-12-31,1406395868,1784044212,v4.1,43d32f5a889bafe3,open,PRKS,United Parks & Resorts Inc.,7990,1662559000,5,2026-09-24T21:59:11.815Z
1566011,2025-12-31,17292136172,34355374862,v4.1,1331a179e18d7f46,open,,PBF HOLDING COMPANY LLC,2911,29297700000,5,2026-09-24T14:45:43.792Z
1566011,2025-12-31,20161429188,28931038696,v3,1409be74a76148c8,open,,PBF HOLDING COMPANY LLC,2911,29297700000,5,2026-09-20T14:27:07.600Z
1566044,2025-12-31,459924,825846,v3,da8a8b80a794d9c6,open,YARW,"YARROW BIOSCIENCE, INC.",2834,570000,5,2026-09-20T15:21:26.641Z
1566610,2025-12-31,121770003,218651737,v3,c228a12cc2779758,open,TONX,TON STRATEGY COMPANY,6199,12779000,5,2026-09-20T15:24:28.138Z
1567683,2025-12-31,1196269250,1772969401,v3,b05a53491642f901,open,CWEN,"Clearway Energy, Inc.",4911,1429000000,5,2026-09-20T15:23:53.012Z
1567683,2025-12-31,1309472050,1649470985,v4.1,2d6c0090608ac635,open,CWEN,"Clearway Energy, Inc.",4911,1429000000,5,2026-09-24T15:30:33.002Z
1568385,2025-12-31,33354821,148673281,v4.1,bf30ef34169cf039,open,BMTM,"Bright Mountain Media, Inc.",7371,59229000,5,2026-09-24T14:21:45.801Z
1568651,2025-12-31,12530058971,17980254156,v3,1653bff30982a2cd,open,OSCR,"Oscar Health, Inc.",6324,11701427000,5,2026-09-20T15:24:46.552Z
1568969,2025-12-31,4435,7963,v3,817dac651c9de26e,open,LOTT,TECHLOTT INC.,7371,8000,5,2026-09-20T15:24:46.311Z
1569187,2025-12-31,212205912,341068275,v3,4c50ca5d8e1156ab,open,AHRT,"AH REALTY TRUST, INC.",6500,285201000,5,2026-09-20T15:24:31.804Z
1569345,2026-01-31,740890697,1190797699,v3,52b782896323f7f2,open,CXM,"Sprinklr, Inc.",7372,857200000,5,2026-09-20T15:23:41.138Z
1570827,2025-12-31,1357482183,2011900226,v3,6ed03d51a0ffb61c,open,VCTR,"Victory Capital Holdings, Inc.",6282,1306131000,5,2026-09-20T15:24:25.604Z
1571123,2026-01-30,5635365264,8352074735,v3,92e703c9a244e0ef,open,SAIC,Science Applications International Corporation,7373,7262000000,5,2026-09-20T15:24:27.796Z
1571283,2025-12-31,892823090,1323237238,v3,8f436c7a34a41008,open,REXR,"Rexford Industrial Realty, Inc.",6798,1003133000,5,2026-09-20T13:58:42.897Z
1571283,2025-12-31,947206215,1270230229,v4.1,45ed20f360857659,open,REXR,"Rexford Industrial Realty, Inc.",6798,1003133000,5,2026-09-24T16:31:51.321Z
1571949,2025-12-31,10836909898,15550636647,v3,55ec637e7616e53c,open,ICE,"Intercontinental Exchange, Inc.",6200,12640000000,5,2026-09-20T14:17:14.666Z
1571949,2025-12-31,12130173250,14484326038,v4.1,2318f7921098815f,open,ICE,"Intercontinental Exchange, Inc.",6200,12640000000,5,2026-09-24T19:41:03.797Z
1571996,2026-01-30,105255746961,140735173490,v4.1,dea9317a0c3645c2,open,DELL,Dell Technologies Inc.,3571,113538000000,5,2026-09-24T18:17:55.594Z
1571996,2026-01-30,98804987100,137857443677,v3,0628e0b77862ab81,open,DELL,Dell Technologies Inc.,3571,113538000000,5,2026-09-20T13:12:41.761Z
1572616,2025-12-31,0,0,v3,b56fa45d1e87e419,open,GUTS,"Fractyl Health, Inc.",3841,,3,2026-09-20T15:22:34.967Z
1573516,2025-12-31,14524833047,20842694385,v3,62cf85f182540be0,open,MUSA,MURPHY USA INC.,5500,19384000000,5,2026-09-20T15:20:45.930Z
1573516,2025-12-31,14668193296,21324327903,v4.1,d0356eb8f3b199c7,open,MUSA,MURPHY USA INC.,5500,19384000000,5,2026-09-25T13:43:31.790Z
1574085,2025-12-31,550709908,885129337,v3,5e17a9c2eb23f6bb,open,BHR,BRAEMAR HOTELS & RESORTS INC.,6798,704015000,5,2026-09-20T15:19:18.699Z
1576873,2026-06-30,80862089,145196976,v3,0f981e297a72315d,open,ABAT,AMERICAN BATTERY TECHNOLOGY Co,1400,21741726,5,2026-09-20T15:18:18.050Z
1577526,2026-04-30,135988939,293800992,v4.1,663132f4c0a60568,open,AI,"C3.ai, Inc.",7372,250268000,5,2026-09-24T13:28:30.859Z
1577526,2026-04-30,160118349,257350460,v3,5c50d5a3bf8d0c7c,open,AI,"C3.ai, Inc.",7372,250268000,5,2026-09-20T14:19:59.428Z
1579157,2026-01-31,232577632,373810753,v3,57002fdfc16a7e55,open,VNCE,VINCE HOLDING CORP.,5600,300007000,5,2026-09-20T15:24:09.138Z
1579241,2025-12-31,3482927136,5161984428,v3,0cbc1e3c5c32ec74,open,ALLE,Allegion plc,7381,4067300000,5,2026-09-20T15:24:08.731Z
1579684,2025-12-31,1683239302,2494699063,v3,7e3ae1e75b9f4fe5,open,TDAY,"USA TODAY CO., INC.",2711,2302226000,5,2026-09-20T14:27:26.276Z
1579684,2025-12-31,1899323771,2251453720,v4.1,399543dc86238c8b,open,TDAY,"USA TODAY CO., INC.",2711,2302226000,5,2026-09-24T19:56:35.979Z
1580560,2025-12-31,672885123,905953535,v4.1,89d03e1740d516af,open,FLYW,FLYWIRE CORPORATION,7389,623025000,5,2026-09-24T14:21:58.883Z
1580864,2023-12-31,416358355,716409199,v3,07913505259644d8,void,VRM,"VROOM, INC.",5500,893203000,5,2026-09-20T13:12:44.856Z
1582554,2023-12-31,904738,1624558,v3,85a15e6804e070d2,void,MTNB,"MATINAS BIOPHARMA HOLDINGS, INC.",2834,1096000,5,2026-09-20T15:23:53.221Z
1583107,2025-12-31,114253046,212359907,v4.1,fbb982561e62f9fe,open,TBPH,"Theravance Biopharma, Inc.",2834,107464000,5,2026-09-24T18:31:32.702Z
1583107,2025-12-31,124961443,200844470,v3,8278dbd381c6c8df,open,TBPH,"Theravance Biopharma, Inc.",2834,107464000,5,2026-09-20T15:24:32.846Z
1584549,2025-12-31,170750971,274439758,v3,9af686c8604abb98,open,VFF,"VILLAGE FARMS INTERNATIONAL, INC.",100,215937000,5,2026-09-20T14:04:31.734Z
1584693,2024-07-31,246639,442869,v3,bdcfda81cdc1e7a1,void,SSGC,SafeSpace Global Corporation,7900,322000,4,2026-09-20T15:22:48.637Z
15847,2026-04-30,81207623,145817421,v3,5b2406267ce2a122,open,BUKS,BUTLER NATIONAL CORP,7990,97967000,5,2026-09-20T15:18:33.497Z
1585101,2025-12-31,402072316,646231342,v3,90a5f6969a6becdf,open,HGIT,"Hines Global Income Trust, Inc.",6798,425203000,5,2026-09-20T15:23:02.088Z
1585389,2025-12-31,253228903,407002539,v3,7796deb0045605e0,open,SMA,"SmartStop Self Storage REIT, Inc.",6798,281141000,5,2026-09-20T15:24:27.248Z
1585521,2026-01-31,3977972252,6144499073,v4.1,abe5e9cdb789f181,open,ZM,"Zoom Communications, Inc.",7370,4868769000,5,2026-09-25T05:27:27.257Z
1585521,2026-01-31,4024030146,5963943585,v3,0947ce95800948a0,open,ZM,"Zoom Communications, Inc.",7370,4868769000,5,2026-09-20T15:24:46.523Z
1585608,2025-12-31,4100707,30708273,v4.1,ca3fbb3ab9ba31cd,open,JAGX,"JAGUAR HEALTH, INC.",2834,11511000,5,2026-09-24T19:06:08.230Z
1585608,2025-12-31,8330531,14958406,v3,124f70e566c4504b,open,JAGX,"JAGUAR HEALTH, INC.",2834,11511000,5,2026-09-20T14:14:32.899Z
1587732,2022-12-31,2650157374,3927751159,v3,9c0ad20ec0a0bb14,void,OGS,"ONE Gas, Inc.",4924,2578005000,5,2026-09-20T15:21:27.588Z
1588978,2025-12-31,349498262,578952905,v4.1,432b338747969671,open,PRCT,PROCEPT BioRobotics Corporation,3841,308054000,5,2026-09-25T14:01:01.913Z
1589149,2025-12-31,20596327,163141227,v4.1,5578102c34ffacc1,open,GWAV,"GREENWAVE TECHNOLOGY SOLUTIONS, INC.",5051,46660320,5,2026-09-24T19:36:44.950Z
1589149,2025-12-31,43011460,77231914,v3,ed8d00570d71872b,open,GWAV,"GREENWAVE TECHNOLOGY SOLUTIONS, INC.",5051,46660320,5,2026-09-20T14:03:57.686Z
1590418,2025-12-31,143863,258322,v3,872befe17ab5e2c6,open,FCUV,FOCUS UNIVERSAL INC.,3823,255023,5,2026-09-20T15:20:41.230Z
1590496,2024-12-31,1370053,2460084,v3,4763ac236ccae9cb,void,,AERKOMM INC.,4899,1342931,5,2026-09-20T14:27:24.734Z
1590560,2025-12-31,6653376,11946885,v3,1ef5b887a77cdff4,open,QURE,uniQure N.V.,2834,16098000,5,2026-09-20T15:21:41.391Z
1590695,2024-12-31,5999411,10772618,v3,323f9397c9c728cd,void,,"Twinlab Consolidated Holdings, Inc.",2833,11665000,5,2026-09-20T14:14:11.355Z
1590714,2025-12-31,2068145709,3065162011,v3,b845202ae85a85ad,open,ESI,Element Solutions Inc,2890,2551200000,5,2026-09-20T15:21:33.643Z
1590877,2025-12-31,156695849,461028824,v4.1,2ff7965e6256b823,open,RGNX,REGENXBIO Inc.,2836,170441000,5,2026-09-24T14:19:06.205Z
1590895,2025-12-31,10379759516,12378477516,v4.1,6f7042de78880018,open,CZR,"Caesars Entertainment, Inc.",7011,11486000000,5,2026-09-24T15:09:38.742Z
1590895,2025-12-31,11732165051,12022174586,v1,7992087ac16ef4df,open,CZR,"Caesars Entertainment, Inc.",7011,11486000000,5,2026-09-19T16:27:07.269Z
1590895,2025-12-31,9177857342,12805385524,v2,cb06c1eaccb0af4a,open,CZR,"Caesars Entertainment, Inc.",7011,11486000000,5,2026-09-19T16:33:37.706Z
1590895,2025-12-31,9266962753,13297810165,v3,84dfc5410d7ce981,open,CZR,"Caesars Entertainment, Inc.",7011,11486000000,5,2026-09-20T14:14:14.052Z
1590976,2026-06-30,608287642,1337362756,v4.1,0c8b4bb235a82126,open,MBUU,"MALIBU BOATS, INC.",3730,914590000,5,2026-09-24T20:30:28.455Z
1590976,2026-06-30,722382266,1161049997,v3,f99742a2dbcdbcf1,open,MBUU,"MALIBU BOATS, INC.",3730,914590000,5,2026-09-20T15:18:35.754Z
1591588,2026-06-30,31892851736,64570629417,v4.1,507c838295ba2ffa,open,GOLD,"GOLD.COM, INC.",5094,25513409000,5,2026-09-24T13:38:28.399Z
1591588,2026-06-30,35447070399,59250273869,v4,c2d03bc43fb84132,open,GOLD,"GOLD.COM, INC.",5094,25513409000,5,2026-09-24T12:38:00.050Z
1591588,2026-06-30,37553637107,53888328956,v3,e41b79087164ac42,open,GOLD,"GOLD.COM, INC.",5094,25513409000,5,2026-09-21T14:14:45.250Z
1591698,2026-06-30,1519494982,2253554392,v2,3f1482662b6e65e7,open,PCTY,PAYLOCITY HOLDING CORPORATION,7372,1771326000,5,2026-09-19T16:33:44.516Z
1591698,2026-06-30,1519494982,2253554392,v3,b43437caa667da0e,open,PCTY,PAYLOCITY HOLDING CORPORATION,7372,1771326000,5,2026-09-20T13:12:36.343Z
1591698,2026-06-30,1705051174,2237552537,v4.1,9bbcdd7735892239,open,PCTY,PAYLOCITY HOLDING CORPORATION,7372,1771326000,5,2026-09-24T13:32:15.801Z
1591698,2026-06-30,1966872175,2126572999,v1,b8593f54cef877a8,open,PCTY,PAYLOCITY HOLDING CORPORATION,7372,1771326000,5,2026-09-19T16:27:21.616Z
1591890,2025-12-31,503559,904196,v3,29d7587160d26e57,open,FGNX,FG Nexus Inc.,6199,2413000,5,2026-09-20T15:20:55.526Z
1591956,2025-12-31,3326575,33262413,v4.1,7146b1dd29e33241,open,DRK,Sphere 3D Corp.,6199,11181000,5,2026-09-24T18:49:50.815Z
1591956,2025-12-31,7789664,13987218,v3,34bdc95baa99367f,open,ANY,Sphere 3D Corp.,6199,11181000,5,2026-09-20T14:13:58.959Z
1595974,2025-12-31,603164840,969437606,v3,76822e1690a18b73,open,MGNI,"MAGNITE, INC.",7370,713953000,5,2026-09-22T14:26:54.482Z
1595974,2025-12-31,649591625,864497568,v4.1,ff45bce7604c2c29,open,MGNI,"MAGNITE, INC.",7370,713953000,5,2026-09-24T17:38:15.997Z
1596532,2025-12-31,8753082168,12981646531,v3,ff3d754ada6bdff7,open,ANET,"Arista Networks, Inc.",3576,9005700000,5,2026-09-20T12:52:52.967Z
1596532,2025-12-31,9800381166,13015292130,v4,25b4472ef8dc7469,open,ANET,"Arista Networks, Inc.",3576,9005700000,5,2026-09-24T12:45:48.734Z
1596532,2025-12-31,9895168310,12794043726,v4.1,d02725ccf6552d4d,open,ANET,"Arista Networks, Inc.",3576,9005700000,5,2026-09-24T14:30:45.214Z
1596993,2026-03-31,462569328,743465256,v3,bed84685be22aa4c,open,LPG,DORIAN LPG LTD.,4412,481511242,5,2026-09-20T15:24:33.568Z
1597033,2025-12-31,2247137028,3330441865,v3,e387f8b5a9154095,open,SABR,Sabre Corporation,7370,2770983000,5,2026-09-20T15:20:29.055Z
1597846,2025-12-31,715811,2926654,v4.1,1231db85ee967af3,open,GRNQ,Greenpro Capital Corp.,8742,2073557,5,2026-09-24T14:19:42.669Z
1598981,2025-12-31,389425247,1172664644,v4,c375a48766fc6a92,open,SKYX,SKYX PLATFORMS CORP.,3640,92009949,5,2026-09-24T12:42:34.576Z
1598981,2025-12-31,516002053,926539727,v3,ab7ab3a29d03996f,open,SKYX,SKYX PLATFORMS CORP.,3640,92009949,5,2026-09-20T14:07:27.167Z
1599407,2025-12-31,23431726,407970030,v4.1,347dd95efe550139,open,LBRA,1847 HOLDINGS LLC,8742,48272312,5,2026-09-25T03:33:43.576Z
1599407,2025-12-31,72061331,129394226,v3,7f3d3a1093ec4e25,open,LBRA,1847 HOLDINGS LLC,8742,48272312,5,2026-09-20T15:23:51.161Z
1600641,2025-12-31,65440522,117505817,v3,07f73057aca0288a,open,DIBS,"1stdibs.com, Inc.",5961,89620000,5,2026-09-20T15:19:47.960Z
1600983,2025-12-31,9615188,17265152,v3,23186438cf4dbaca,open,KSCP,"Knightscope, Inc.",3669,11335000,5,2026-09-20T15:22:47.832Z
1601830,2025-12-31,68571148,123127209,v3,921a51e7b31fe339,open,RXRX,"RECURSION PHARMACEUTICALS, INC.",2836,74681000,5,2026-09-22T14:27:27.382Z
1602409,2026-02-28,13896416,24952578,v3,466680e4b9c210c7,open,FNGR,"FingerMotion, Inc.",7372,24132261,5,2026-09-20T15:20:54.233Z
1603923,2025-12-31,3784855907,5609467695,v3,8f0052d8751b1ac5,open,WFRD,Weatherford International plc,3533,4918000000,5,2026-09-20T15:22:59.704Z
1603923,2025-12-31,3933896132,5496428306,v4.1,f43c0e86323400f3,open,WFRD,Weatherford International plc,3533,4918000000,5,2026-09-24T21:06:19.843Z
16040,2025-09-30,2776291553,4114692384,v3,0c7d2467ccbb9d2c,open,CBT,CABOT CORP,2890,3713000000,5,2026-09-20T14:27:07.914Z
16040,2025-09-30,2839721626,4096998966,v4.1,5275de85093af662,open,CBT,CABOT CORP,2890,3713000000,5,2026-09-24T16:28:14.253Z
1605301,2021-12-31,30641464,55020194,v3,3f463ea72945ac12,void,CBFV,"CB FINANCIAL SERVICES, INC.",6022,43557000,5,2026-09-20T15:21:44.694Z
1605888,2025-12-31,3211406821,5161538498,v3,f4e96ffa73b4c3b4,open,CIRC,CIRCLE8 GROUP INC.,7363,435878730,5,2026-09-20T15:23:51.677Z
16058,2026-06-30,8502987209,12602126271,v3,7c627535dfcc1cfd,open,CACI,CACI INTERNATIONAL INC,7373,9567779000,5,2026-09-20T14:16:54.901Z
16058,2026-06-30,9537242250,11441765749,v4.1,839083e8444abc87,open,CACI,CACI INTERNATIONAL INC,7373,9567779000,5,2026-09-24T16:57:23.705Z
1606163,2025-12-31,596607673,958898590,v3,dcbe519e5ea1fdff,open,LMB,"LIMBACH HOLDINGS, INC.",1700,646804000,5,2026-09-20T15:23:00.070Z
1606163,2025-12-31,627353337,876626402,v4.1,4f7e1a367ec858cc,open,LMB,"LIMBACH HOLDINGS, INC.",1700,646804000,5,2026-09-25T04:56:39.632Z
1607962,2025-12-31,19774819,35507911,v3,5904ee10ff268760,open,LFWD,Lifeward Ltd.,3842,22034000,5,2026-09-20T15:18:55.915Z
1609804,2025-12-31,1382302236,2048685585,v3,9b0a1234e95bb0b5,open,OEC,ORION S.A.,2890,1806700000,5,2026-09-20T15:18:49.564Z
1611052,2025-12-31,1247879846,1849460548,v3,e4b6df76c59597d9,open,PCOR,"Procore Technologies, Inc.",7372,1322509000,5,2026-09-20T15:19:49.365Z
1613103,2026-04-24,30701900359,44056294771,v3,705a38db2eea8bc1,open,MDT,Medtronic plc,3845,36364000000,5,2026-09-20T15:21:30.472Z
1615219,2022-12-31,0,0,v3,04e5e065e761a8a9,void,DCOY,Decoy Therapeutics Inc.,2834,,5,2026-09-20T15:20:34.249Z
1616000,2025-12-31,885307124,1312097959,v3,2325f109c7dc3326,open,XHR,"Xenia Hotels & Resorts, Inc.",7011,1078500000,5,2026-09-20T15:23:41.538Z
16160,2026-05-30,1919280521,2844531561,v3,7cbe5879d29c2e4e,open,CALM,"Cal-Maine Foods, Inc.",200,2911632000,5,2026-09-20T15:19:13.726Z
1617406,2025-12-31,1442003273,4327925590,v4,40532d6717890498,open,PK,Park Hotels & Resorts Inc.,7011,2541000000,5,2026-09-24T12:43:31.906Z
1617406,2025-12-31,1753073894,3457225385,v4.1,cccf36081efd7426,open,PK,Park Hotels & Resorts Inc.,7011,2541000000,5,2026-09-24T13:20:22.505Z
1617406,2025-12-31,2003666628,2969598711,v3,0f4f3501eeb36d61,open,PK,Park Hotels & Resorts Inc.,7011,2541000000,5,2026-09-20T14:27:28.064Z
1617640,2025-12-31,2313023103,3428090446,v3,5457420ec61b19e7,open,ZG,"ZILLOW GROUP, INC.",7389,2583000000,5,2026-09-20T14:11:01.405Z
1617640,2025-12-31,2452057268,3293258384,v4.1,c98db89d914832ff,open,ZG,"ZILLOW GROUP, INC.",7389,2583000000,5,2026-09-25T06:16:42.819Z
1618732,2026-07-31,2927294939,3442220915,v4.1,0da9e7c53cf472fa,open,NTNX,"NUTANIX, INC.",7372,2853545000,5,2026-09-25T14:00:28.166Z
1618835,2025-12-31,11298456,38498673,v4.1,7adbf0377574b103,open,EVFM,"EVOFEM BIOSCIENCES, INC.",2834,20183000,5,2026-09-24T14:20:55.736Z
1619096,2025-12-31,3814,6849,v3,adf3c48f6910459f,open,SNTW,SUMMIT NETWORKS INC.,4953,11797,5,2026-09-20T14:04:32.995Z
1620459,2025-12-31,479012794,824215888,v2,8c2312204d4494b0,open,JRVR,"James River Group Holdings, Inc.",6331,687614000,5,2026-09-19T16:33:41.970Z
1620459,2025-12-31,538241156,865088917,v3,745c14c704db5e45,open,JRVR,"James River Group Holdings, Inc.",6331,687614000,5,2026-09-20T14:27:15.486Z
1620459,2025-12-31,544059402,824034753,v4.1,dfa5afa27e04abb3,open,JRVR,"James River Group Holdings, Inc.",6331,687614000,5,2026-09-24T19:24:53.990Z
1620459,2025-12-31,668167949,708794478,v1,2d19a32eb1c0b13a,open,JRVR,"James River Group Holdings, Inc.",6331,687614000,5,2026-09-19T16:27:17.079Z
1621832,2024-12-31,0,0,v3,d5ffe1bd387328a5,void,AQMS,"Aqua Metals, Inc.",3341,,5,2026-09-20T15:20:41.869Z
1622229,2020-12-31,3841238,6897374,v3,c490ffacf4b25c80,void,COGT,"Cogent Biosciences, Inc.",2834,7871000,4,2026-09-20T15:20:39.111Z
1622345,2025-12-31,1382920,9825774,v4.1,408c2ed3c9e5d192,open,POLA,"Polar Power, Inc.",3690,6304000,5,2026-09-24T19:04:38.255Z
1622345,2025-12-31,2737742,4915923,v3,9344b5f091b7b611,open,POLA,"Polar Power, Inc.",3690,6304000,5,2026-09-20T14:26:58.590Z
1623925,2025-12-31,977137075,1449186456,v3,d22129975713d20f,open,AM,ANTERO MIDSTREAM CORPORATION,4922,1188426000,5,2026-09-20T12:55:00.801Z
1624322,2025-12-31,8255203,14823145,v3,079aeb2508d1767f,open,BFST,"BUSINESS FIRST BANCSHARES, INC.",6022,10704000,5,2026-09-20T14:27:02.169Z
1624326,2025-12-31,11413,37917,v4.1,8fc3c3bf0d44e7df,open,PAVM,PAVmed Inc.,3841,71000,5,2026-09-25T10:57:51.419Z
1624326,2025-12-31,15550,27923,v3,03ff0c592dc5d6c2,open,PAVM,PAVmed Inc.,3841,71000,5,2026-09-20T14:11:06.781Z
1624512,2025-12-31,65309823,111995985,v4.1,594fc272758b192c,open,BOXL,Boxlight Corporation,8200,109246000,5,2026-09-24T16:22:47.957Z
1624512,2025-12-31,68665830,110363260,v3,3b388a872cecb3f2,open,BOXL,Boxlight Corporation,8200,109246000,5,2026-09-23T14:35:31.065Z
1625101,2025-12-31,203874,366078,v3,701e92e0f8995af5,open,PLSE,"Pulse Biosciences, Inc.",3841,350000,5,2026-09-20T14:20:00.568Z
1625297,2025-12-31,1061722079,1573559429,v3,1ba4e053f066407b,open,INDV,"Indivior Pharmaceuticals, Inc.",2834,1239000000,4,2026-09-20T15:24:28.995Z
1625941,2025-12-31,531190436,853756636,v3,0b11f5fb9ea1f56a,open,,Ares Industrial Real Estate Income Trust Inc.,6798,592329000,5,2026-09-20T15:19:29.128Z
1626450,2025-12-31,252200137,433949495,v2,7d1c2ce96dab7bdb,open,CMRC,"Commerce.com, Inc.",7372,342349000,5,2026-09-19T16:33:35.928Z
1626450,2025-12-31,283383858,455469136,v3,be1c1d4c5149c4b9,open,CMRC,"Commerce.com, Inc.",7372,342349000,5,2026-09-20T14:27:41.494Z
1626450,2025-12-31,300613704,412607863,v4.1,e94355e3facf4948,open,CMRC,"Commerce.com, Inc.",7372,342349000,5,2026-09-24T18:04:44.885Z
1626450,2025-12-31,352037647,382430255,v1,dfabd728cf2af3b6,open,CMRC,"Commerce.com, Inc.",7372,342349000,5,2026-09-19T16:27:03.896Z
1627223,2025-12-31,4507908299,6681090798,v3,0cca5388d7a7d2fc,open,CC,The Chemours Company,2800,5808000000,5,2026-09-20T14:27:06.460Z
1627282,2025-12-31,4598430,21897487,v4.1,fc9de22ed5fdc114,open,CWD,CALIBERCOS INC.,6500,20097000,4,2026-09-24T19:09:23.086Z
1627282,2025-12-31,4598430,21897487,v4,f1e51eb8e88d311f,open,CWD,CALIBERCOS INC.,6500,20097000,4,2026-09-24T12:58:58.174Z
1627282,2025-12-31,7478195,13427941,v3,3cfce8b719878de6,open,CWD,CALIBERCOS INC.,6500,20097000,4,2026-09-20T14:27:11.757Z
1628369,2025-12-31,8518401547,12223647564,v3,aa18e0641944a9a2,open,CWK,Cushman & Wakefield Ltd.,6500,10288200000,5,2026-09-20T14:27:12.204Z
1628808,2025-12-31,17734869,31844952,v3,c5c5a4b4ac568ca5,open,PROF,PROFOUND MEDICAL CORP.,3841,16098000,3,2026-09-20T15:21:28.275Z
1630176,2025-12-31,3896100,9193357,v4.1,f2304fd9f5670f91,open,HYEX,Healthy Extracts Inc.,2833,4511997,5,2026-09-24T15:09:46.512Z
1630176,2025-12-31,4486952,8056827,v3,22bcac68f8a47d40,open,HYEX,Healthy Extracts Inc.,2833,4511997,5,2026-09-21T14:14:30.709Z
1630805,2025-12-31,463414165,744823122,v3,cbf6077bfcb688af,open,BW,"BABCOCK & WILCOX ENTERPRISES, INC",3433,587676000,5,2026-09-20T15:22:50.124Z
1632970,2025-12-31,2032242259,3011950145,v3,69579ccbe844083d,open,AHR,"American Healthcare REIT, Inc.",6798,2260123000,5,2026-09-20T15:23:53.414Z
1632970,2025-12-31,2190542278,2845698026,v4.1,34740946c0f3482b,open,AHR,"American Healthcare REIT, Inc.",6798,2260123000,5,2026-09-25T02:33:39.327Z
1634117,2026-05-02,1432438955,2122992326,v3,5b6a55fba831dcb4,open,BNED,"BARNES & NOBLE EDUCATION, INC.",5940,1714770000,5,2026-09-20T15:23:09.307Z
1635088,2026-03-31,2801161,5029800,v3,cba5482b09b359fa,open,ROIV,ROIVANT SCIENCES LTD.,2834,8260000,5,2026-09-20T15:24:46.422Z
1635282,2025-12-31,331300131,532482640,v3,2048ed0b7ea791cd,open,RMNI,"Rimini Street, Inc.",7389,421536000,5,2026-09-20T15:22:00.433Z
1636422,2025-12-31,252210365,405365493,v3,62271a65215b85a7,open,HCAT,"Health Catalyst, Inc.",7370,311136000,5,2026-09-20T15:24:25.466Z
1636519,2026-06-30,1010184628,1497176690,v3,bccc38e67921f8db,open,MSGS,MADISON SQUARE GARDEN SPORTS CORP.,7990,1153822000,5,2026-09-23T14:36:54.327Z
1636519,2026-06-30,899813032,1712058927,v4.1,435914b6bc79dbca,open,MSGS,MADISON SQUARE GARDEN SPORTS CORP.,7990,1153822000,5,2026-09-24T17:30:34.868Z
1637147,2025-12-31,14949772,26843998,v3,a265b91cbfb38626,open,ZSPC,"zSpace, Inc.",7372,27858000,2,2026-09-20T15:19:24.653Z
1637757,2025-12-31,1196269250,1772969401,v3,5e8a315b9bfbb4ae,open,,Clearway Energy LLC,4911,1429000000,5,2026-09-20T15:20:49.989Z
1637757,2025-12-31,1309472050,1649470985,v4.1,a4af60881bababff,open,,Clearway Energy LLC,4911,1429000000,5,2026-09-25T04:15:31.658Z
1637880,2025-12-31,1278725405,1895176203,v3,e4b29ea7e7d926f6,open,,"TRI-STATE GENERATION AND TRANSMISSION ASSOCIATION, INC.",4911,1601565000,5,2026-09-20T14:11:06.695Z
1638290,2026-06-30,220598619,568410912,v4.1,eec7c2c3e3d2e6fd,open,MCFT,"MASTERCRAFT BOAT HOLDINGS, INC.",3730,348903000,5,2026-09-24T19:30:18.691Z
1638290,2026-06-30,283166705,455120117,v3,0e31d5a6533100e3,open,MCFT,"MASTERCRAFT BOAT HOLDINGS, INC.",3730,348903000,5,2026-09-20T15:21:33.389Z
1638826,2026-01-31,953664785,1532779177,v3,851a90e769687c12,open,TTAN,"ServiceTitan, Inc.",7372,960965000,4,2026-09-20T15:22:39.177Z
1638833,2025-12-31,2709414139,4018316747,v2,ad1ec630fc63ad35,open,SGRY,"Surgery Partners, Inc.",8062,3308700000,5,2026-09-19T16:33:50.795Z
1638833,2025-12-31,2834886285,4201534596,v3,b705e4762704a7d9,open,SGRY,"Surgery Partners, Inc.",8062,3308700000,5,2026-09-20T14:07:07.933Z
1638833,2025-12-31,3178174096,3816511880,v4.1,c38b9df5fe78def7,open,,"Surgery Partners, Inc.",,3308700000,5,2026-09-24T19:41:19.661Z
1638833,2025-12-31,3515234785,3653712373,v1,91206a93332d45dd,open,SGRY,"Surgery Partners, Inc.",8062,3308700000,5,2026-09-19T16:27:36.507Z
1638911,2025-12-31,159493,4310516,v4.1,123dd4da832d18d6,open,DUKR,DUKE Robotics Corp.,3721,377000,5,2026-09-24T19:58:16.203Z
1638911,2025-12-31,608823,1093210,v3,da91c5f6372c14a4,open,DUKR,DUKE Robotics Corp.,3721,377000,5,2026-09-20T13:58:07.607Z
1639068,2025-12-31,1452064,3552051,v4.1,b299b7a9d8991077,open,HBUV,Hubilu Venture Corporation,6510,2203976,5,2026-09-24T19:22:49.077Z
1639068,2025-12-31,1702151,3056404,v3,74b956773ea652af,open,HBUV,Hubilu Venture Corporation,6510,2203976,5,2026-09-20T14:27:03.003Z
1639300,2026-01-31,2420865663,3587921988,v3,159e2d986e807ad2,open,OLLI,"Ollie's Bargain Outlet Holdings, Inc.",5331,2649198000,5,2026-09-20T15:23:48.978Z
1639723,2026-01-31,728216773,1170427517,v3,59addf0fb3ed8eab,open,NAVN,"NAVAN, INC.",7372,702265000,3,2026-09-20T15:19:16.244Z
1640147,2026-01-31,4852725704,7192138548,v3,c46e18e33a0bb9fe,open,SNOW,SNOWFLAKE INC.,7372,4683946000,5,2026-09-20T15:18:37.132Z
1640384,2025-12-31,8196685,14718070,v3,56e6505dabb887b9,open,PWCM,"POWERCOMPUTE, INC.",6199,8844733,5,2026-09-20T15:19:48.783Z
1641631,2026-03-31,8650739,28098533,v4.1,95ceda82b2c9c866,open,XAIR,"Beyond Air, Inc.",3841,7679000,5,2026-09-25T14:00:29.696Z
1642365,2020-12-31,0,0,v3,1300d5a3cae44159,void,ALTB,Alpine Auto Brokers Inc.,5990,,3,2026-09-21T14:14:43.571Z
1642380,2025-12-31,5614727,10081874,v3,caa443707a294ecb,open,IMDX,Insight Molecular Diagnostics Inc.,2835,4055000,5,2026-09-22T14:27:35.441Z
1644903,2025-09-30,12435150,22328711,v3,bbd024a0b734777a,open,YCBD,"cbdMD, Inc.",2844,19190678,5,2026-09-20T14:27:09.877Z
1644903,2025-09-30,8737431,31718703,v4.1,eb59a18a55235b90,open,YCBD,"cbdMD, Inc.",2844,19190678,5,2026-09-24T17:30:14.231Z
1645113,2025-12-31,555951759,893554310,v3,9f4cda5f65da5dea,open,NVCR,NovoCure Limited,3841,655353000,5,2026-09-20T14:01:01.097Z
1645113,2025-12-31,586440673,814225046,v4.1,db2b0366d41f585a,open,NVCR,NovoCure Limited,3841,655353000,5,2026-09-25T03:33:59.384Z
1645590,2025-10-31,29846540815,42828879798,v3,3939ea1765602022,open,HPE,HEWLETT PACKARD ENTERPRISE COMPANY,3570,34296000000,5,2026-09-20T15:23:41.172Z
1646188,2025-12-31,184889281,331989501,v3,6489e291aa5d6530,open,ONDS,Ondas Inc.,3663,50731000,5,2026-09-20T15:22:37.280Z
1646972,2026-02-28,67638373055,97059011537,v3,105796ade39efa40,open,ACI,"Albertsons Companies, Inc.",5411,83172500000,5,2026-09-20T14:14:00.831Z
1648087,2025-12-31,3538340,22440274,v4.1,9faa29b7562f0efd,open,AREB,"AMERICAN REBEL HOLDINGS, INC.",3490,9522109,5,2026-09-24T20:24:11.802Z
1648087,2025-12-31,6624390,11894837,v3,790fa615d89b6200,open,AREB,"AMERICAN REBEL HOLDINGS, INC.",3490,9522109,5,2026-09-20T13:58:40.972Z
1648960,2025-12-31,203,798,v4.1,cae6e6de482f987f,open,MYSE,"MYSEUM.AI, INC.",4822,550,5,2026-09-24T16:57:50.898Z
1648960,2025-12-31,301,540,v3,27974609f981b825,open,MYSE,"MYSEUM.AI, INC.",4822,550,5,2026-09-20T15:20:34.150Z
1650696,2025-12-31,41537959,74586077,v3,8d0272ff14cbb87d,open,LSF,"Laird Superfood, Inc.",2000,49889286,5,2026-09-20T15:20:48.770Z
1651562,2025-12-31,663625843,1066613646,v3,e08988e1bc4ca1e2,open,COUR,"COURSERA, INC.",7372,757500000,5,2026-09-22T14:28:41.674Z
1651562,2025-12-31,712325934,954460975,v4.1,e68789ef44ef853c,open,COUR,"COURSERA, INC.",7372,757500000,5,2026-09-24T19:53:13.520Z
1651721,2025-12-31,7907697,14199159,v3,cbd104dd96f27183,open,GIPR,"GENERATION INCOME PROPERTIES, INC.",6798,9739942,5,2026-09-20T15:24:47.538Z
1652044,2025-12-31,358859823814,500698389844,v3,66f1e2cabd7d8958,open,GOOGL,Alphabet Inc.,7370,402836000000,5,2026-09-20T12:52:47.995Z
1652044,2025-12-31,413857296454,475461742914,v4.1,c9116052b985eae1,open,GOOGL,Alphabet Inc.,7370,402836000000,5,2026-09-24T14:30:35.818Z
1652130,2025-12-31,33899142,156969595,v4.1,80173d7104787b66,open,NTLA,"INTELLIA THERAPEUTICS, INC.",2835,67671000,5,2026-09-25T14:20:55.921Z
1652130,2025-12-31,56123765,100776534,v3,da5c88528848e18c,open,NTLA,"INTELLIA THERAPEUTICS, INC.",2835,67671000,5,2026-09-20T15:24:27.972Z
1653558,2025-12-31,831242997,1336016572,v3,423f311db4ff4281,open,PRTH,"Priority Technology Holdings, Inc.",7389,953009000,5,2026-09-22T14:27:13.503Z
1653558,2025-12-31,892833985,1194714408,v4.1,cd7605091489e495,open,PRTH,"Priority Technology Holdings, Inc.",7389,953009000,5,2026-09-24T19:06:01.200Z
1654595,2025-12-31,6985258,15511006,v4.1,ebacce8d09c4658e,open,MDRR,"MEDALIST DIVERSIFIED, INC.",6798,10396618,5,2026-09-24T19:49:14.522Z
1654595,2025-12-31,7807930,14020017,v3,e622351f3e4c1447,open,MDRR,"MEDALIST DIVERSIFIED, INC.",6798,10396618,5,2026-09-20T14:14:08.052Z
1656472,2025-12-31,183361850,294708612,v3,55087dab41a7035a,open,CRON,CRONOS GROUP INC.,2833,193363000,5,2026-09-20T13:57:56.965Z
1656472,2025-12-31,192475004,269912601,v4.1,676d60b526893f1d,open,CRON,CRONOS GROUP INC.,2833,193363000,5,2026-09-24T13:59:20.764Z
1658247,2025-12-31,24237969,43522000,v3,47a2b3595d4dee14,open,CRNX,"Crinetics Pharmaceuticals, Inc.",2834,7696000,5,2026-09-20T15:21:38.366Z
1658551,2025-12-31,0,0,v3,835d4212b884195d,open,AMLX,"Amylyx Pharmaceuticals, Inc.",2834,,5,2026-09-20T15:22:50.671Z
1660134,2026-01-31,2647531830,3923859888,v3,7561ce9b76bacc1c,open,OKTA,"Okta, Inc.",7372,2919000000,5,2026-09-21T14:14:30.988Z
1660134,2026-01-31,2711362804,3902165717,v4.1,6cf651d1d6e47eae,open,OKTA,"Okta, Inc.",7372,2919000000,5,2026-09-24T18:06:12.896Z
1660134,2026-01-31,2855841893,3730872115,v4,f266437b1ad63136,open,OKTA,"Okta, Inc.",7372,2919000000,5,2026-09-24T13:13:34.914Z
1660280,2025-12-31,885141064,1422644321,v3,2363684f7300ba53,open,TENB,"TENABLE HOLDINGS, INC.",7372,999405000,5,2026-09-20T14:19:58.820Z
1660280,2025-12-31,959845742,1259609204,v4.1,d9ba36b8a1831f5f,open,TENB,"TENABLE HOLDINGS, INC.",7372,999405000,5,2026-09-24T19:18:43.098Z
1662684,2025-12-31,18392824,33026383,v3,a2bbb4435b51898d,open,KULR,"KULR Technology Group, Inc.",3670,16170404,5,2026-09-20T14:27:06.602Z
1662684,2025-12-31,9436086,64960523,v4.1,cd81671dca5e2db3,open,KULR,"KULR Technology Group, Inc.",3670,16170404,5,2026-09-25T10:18:28.008Z
1662991,2025-12-31,566755954,910919369,v3,d906f763dea4c45c,open,SEZL,SEZZLE INC.,7389,450279000,5,2026-09-20T15:18:27.592Z
1664703,2025-12-31,2063538413,3058333619,v3,05faa3a579295b7a,open,BE,BLOOM ENERGY CORPORATION,3620,2023994000,5,2026-09-22T21:25:59.611Z
1664703,2025-12-31,2207957147,2910898483,v4.1,184561c7014e071b,open,BE,BLOOM ENERGY CORPORATION,3620,2023994000,5,2026-09-24T15:30:29.566Z
1664710,2025-12-31,6797357950,10925063906,v3,265b50475e57ddb6,open,KROS,"Keros Therapeutics, Inc.",2834,244061000,5,2026-09-20T15:22:52.466Z
1666071,2025-12-31,161857859,260146290,v3,4851be264db23f21,open,CDLX,"CARDLYTICS, INC.",7370,233273000,5,2026-09-20T14:32:56.231Z
1666071,2025-12-31,166079260,243965646,v4.1,cc928fee01d969d1,open,CDLX,"CARDLYTICS, INC.",7370,233273000,5,2026-09-24T19:50:55.337Z
1666138,2025-09-30,2028730887,3006746003,v3,45d463184539a033,open,ATKR,Atkore Inc.,3690,2850378000,5,2026-09-20T15:22:42.814Z
1666244,2025-12-31,76399864,137184549,v3,8948de5766e2a593,open,CFTR-PA,"Cantor Fitzgerald Income Trust, Inc.",6798,97855264,5,2026-09-20T15:21:56.922Z
1668010,2025-12-31,4151003,7453592,v3,edaed3f78aca7f01,open,DBGI,"DIGITAL BRANDS GROUP, INC.",5600,7380921,5,2026-09-20T15:19:44.228Z
1670541,2025-09-30,11484224946,16479514086,v3,bd0757b8523020c6,open,ADNT,Adient plc,3714,14535000000,5,2026-09-21T14:14:42.154Z
1670541,2025-09-30,12910746220,15288757767,v4.1,cefb0f5e8e374cc4,open,ADNT,Adient plc,3714,14535000000,5,2026-09-24T19:02:38.210Z
1670592,2026-01-03,1541906825,2285232710,v3,b5eaedcbbe654c18,open,YETI,"YETI Holdings, Inc.",3949,1868494000,5,2026-09-20T15:18:23.251Z
1671933,2025-12-31,2774549899,4112111110,v3,89a0f59b7f22e501,open,TTD,"The Trade Desk, Inc.",7370,2896284000,5,2026-09-20T14:20:13.663Z
1671933,2025-12-31,3096993678,3751626600,v4.1,44f17eb742c310b3,open,TTD,"The Trade Desk, Inc.",7370,2896284000,5,2026-09-24T22:00:07.485Z
16732,2025-08-03,8614322796,12361291644,v3,e183efc1bdcf4520,void,CPB,CAMPBELL'S Co,2000,10253000000,5,2026-09-20T14:32:57.045Z
16732,2026-08-02,8472072584,10316362288,v4.1,762599569973114d,open,CPB,THE CAMPBELL'S COMPANY,2000,9744000000,5,2026-09-24T16:14:01.966Z
1673475,2026-04-30,4347600,17266872,v4.1,3e19c3368c437abd,open,GPOX,"GPO PLUS, INC.",8900,5512066,5,2026-09-24T18:46:47.338Z
1673475,2026-04-30,6466953,11612141,v3,176cf8d6abb6b65b,open,GPOX,"GPO PLUS, INC.",8900,5512066,5,2026-09-20T14:04:05.653Z
1674101,2025-12-31,10077662632,14461139876,v3,ab1c010287dc7881,open,VRT,Vertiv Holdings Co,3679,10229900000,5,2026-09-20T15:19:40.034Z
1674227,2025-12-31,1959570,3518628,v3,0c3c3f9ec5cb664f,open,WORX,SCWORX CORP.,7374,2877629,5,2026-09-20T15:21:33.403Z
1674440,2025-04-30,15963208,28663735,v3,8a8236b4d343ceb7,void,YYAI,AiRWA INC.,7370,12818182,5,2026-09-20T15:19:16.758Z
1674440,2026-04-30,32089477,57620265,v3,884959b9031d31b3,open,YYAI,AiRWA INC.,7370,25807289,5,2026-09-24T09:06:22.851Z
1674632,2025-12-31,175089036,281412120,v3,30c4f351ae15f3fc,open,BBNX,"Beta Bionics, Inc.",3841,100251000,3,2026-09-20T15:20:29.758Z
1675149,2025-12-31,10591707412,15198778526,v3,a57dc90d13021a3b,open,AA,Alcoa Corp,3334,12831000000,5,2026-09-20T15:19:49.605Z
1675149,2025-12-31,11273980735,14821439923,v4.1,0e82e63f45e1103e,open,AA,Alcoa Corp,3334,12831000000,5,2026-09-24T16:30:58.173Z
1676163,2025-12-31,36896245,66251357,v3,aef8f99f9546eda5,open,SSII,"SS INNOVATIONS INTERNATIONAL, INC.",3841,42484747,4,2026-09-20T15:20:50.464Z
1676238,2026-01-31,733621120,1179113661,v3,74aeaad067c31425,open,BRZE,"Braze, Inc.",7372,738182000,5,2026-09-20T15:21:25.571Z
1677703,2025-12-31,2214001772,3281332690,v3,b58ae952cfa85fcf,open,CNDT,CONDUENT INC,7389,3042000000,5,2026-09-20T15:20:52.787Z
1677703,2025-12-31,2487071420,2974677233,v4.1,a047122cced93ee3,open,CNDT,CONDUENT INC,7389,3042000000,5,2026-09-24T23:42:03.928Z
1678660,2025-12-31,15451698,27745262,v3,1ea4182edff42352,open,PRLD,PRELUDE THERAPEUTICS INC,2834,12140000,2,2026-09-20T15:19:48.531Z
1679273,2026-05-31,5516653179,8176133662,v3,644d71551e68379c,open,LW,"Lamb Weston Holdings, Inc.",2030,6612300000,5,2026-09-20T15:20:49.532Z
1679273,2026-05-31,5830176084,7878934021,v4.1,cc6bc97ac1bcf4a7,open,LW,"LAMB WESTON HOLDINGS, INC.",2030,6612300000,5,2026-09-25T17:30:33.880Z
1679788,2025-12-31,4050571768,17572407469,v4.1,68902b775f3176a9,open,COIN,"Coinbase Global, Inc.",6199,7181325000,5,2026-09-24T21:06:07.726Z
1679788,2025-12-31,6865192011,10174779106,v3,ba143658ebe9623e,open,COIN,"Coinbase Global, Inc.",6199,7181325000,5,2026-09-20T15:22:04.989Z
1680247,2025-12-31,869809714,1555703612,v4.1,0ffd3e747ec3a9ee,open,PUMP,ProPetro Holding Corp.,1389,1269158000,5,2026-09-24T13:36:10.540Z
1680247,2025-12-31,946776132,1403200084,v3,a96049cef099d8b9,open,PUMP,ProPetro Holding Corp.,1389,1269158000,5,2026-09-22T14:26:31.334Z
1682220,2024-12-31,44824317,80487103,v3,2e774302de3d988f,void,SACH,SACHEM CAPITAL CORP,6798,57500000,5,2026-09-20T14:00:59.412Z
1687187,2025-12-31,378404360,608190983,v3,8cb04ee286ae5d64,open,METC,"Ramaco Resources, Inc.",1220,536618000,5,2026-09-20T14:04:07.401Z
1687229,2025-12-31,2290544511,3394775324,v3,b4527d39a7e4915c,open,INVH,Invitation Homes Inc.,6510,2729296000,5,2026-09-20T15:21:57.896Z
1687932,2026-01-31,462226447,742914160,v3,832e6eae4e3379e9,open,JILL,"J.Jill, Inc.",2330,596549000,5,2026-09-20T15:22:40.168Z
1688126,2025-12-31,2283,19286,v4.1,23d5866e2fbc4ca1,open,CRCW,THE CRYPTO COMPANY,7374,18527,5,2026-09-25T14:00:37.142Z
1689796,2025-12-31,363428795,584121484,v3,ca2959b218459acc,open,JBGS,JBG SMITH PROPERTIES,6798,498598000,5,2026-09-20T15:19:18.153Z
1690012,2025-12-31,15102265,27117816,v3,bc248cf0858080b3,open,ICR-PA,"INPOINT COMMERCIAL REAL ESTATE INCOME, INC.",6798,23006000,5,2026-09-20T15:22:58.743Z
1690680,2025-12-31,2842625688,4215882039,v3,31675cd8d90b31a0,open,NMRK,"NEWMARK GROUP, INC.",6531,3294024000,5,2026-09-20T13:12:30.934Z
16918,2026-02-28,7278857425,10787865267,v3,1840c18628a1d836,open,STZ,"CONSTELLATION BRANDS, INC.",2080,9755500000,5,2026-09-20T15:18:52.250Z
16918,2026-02-28,7983644825,10016302032,v4.1,5b8bc39580c1da17,open,STZ,"CONSTELLATION BRANDS, INC.",2080,9755500000,5,2026-09-24T13:36:10.553Z
1692063,2025-12-31,4565135872,6765906768,v3,3205d7fb4b881c16,open,SNDR,"Schneider National, Inc.",4213,5674300000,5,2026-09-20T14:11:33.879Z
1692063,2025-12-31,4680737244,6720531478,v4.1,6eaf6e92cb89535f,open,SNDR,"Schneider National, Inc.",4213,5674300000,5,2026-09-24T18:37:32.104Z
1692345,2025-12-31,18161542,60347049,v4.1,80c740754964fd60,open,PRXA,"PROCACCIANTI HOTEL REIT, INC.",6798,32842464,5,2026-09-24T14:39:38.996Z
1692345,2025-12-31,24747654,44437197,v3,fa0bed457d063d8d,open,PRXA,"PROCACCIANTI HOTEL REIT, INC.",6798,32842464,5,2026-09-23T14:35:42.735Z
1692415,2025-12-31,96393,173085,v3,4de683e0dae55196,open,CODX,"Co-Diagnostics, Inc.",3841,622489,5,2026-09-20T15:20:58.246Z
1692819,2025-12-31,15550711719,20234308080,v4.1,01c3f9236444f199,open,VST,Vistra Operations Company LLC,4911,17738000000,5,2026-09-25T14:00:22.218Z
1692951,2025-12-31,111910623,206232264,v4.1,7ebaf1329c83c699,open,,"COTTONWOOD COMMUNITIES, INC.",6798,153934000,5,2026-09-25T08:58:51.633Z
1692951,2025-12-31,121886736,195902642,v3,8d1cf86840be42af,open,,"COTTONWOOD COMMUNITIES, INC.",6798,153934000,5,2026-09-20T15:23:52.955Z
1693256,2025-12-31,961805001,1915450183,v4.1,98dacf268a2e27ad,open,WTTR,"SELECT WATER SOLUTIONS, INC.",1389,1407344000,5,2026-09-25T13:58:51.572Z
1694028,2025-12-31,2729805636,5156037295,v4.1,1f717588fdda9c72,open,LBRT,Liberty Energy Inc.,1389,4006116000,5,2026-09-24T18:57:14.744Z
1694028,2025-12-31,3053443707,4525454668,v3,9fa699625fe60abd,open,LBRT,Liberty Energy Inc.,1389,4006116000,5,2026-09-21T14:14:38.531Z
1695473,2021-12-31,3581,6429,v3,3a77761700f71eee,void,GCAN,"TRAFALGAR INTERNATIONAL, INC.",2834,12630,5,2026-09-22T14:28:06.028Z
1696558,2026-03-31,144537667,232308385,v3,580470b11b737668,open,JRSH,"Jerash Holdings (US), Inc.",2300,166263870,5,2026-09-20T15:20:29.393Z
1697500,2025-12-31,608035655,1622384539,v4.1,6aaa28c554aecc45,open,SEI,"SOLARIS ENERGY INFRASTRUCTURE, INC.",3533,622205000,5,2026-09-24T17:41:48.333Z
1697500,2025-12-31,793965699,1276102578,v3,6d31099199cbc015,open,SEI,"SOLARIS ENERGY INFRASTRUCTURE, INC.",3533,622205000,5,2026-09-20T14:14:00.820Z
1698530,2025-12-31,0,0,v3,88605ed5c6753642,open,XCUR,"EXICURE, INC.",2834,,5,2026-09-20T15:24:30.268Z
1699136,2025-12-31,908249847,1346100961,v3,de4a39835e8fff6d,open,WHD,"Cactus, Inc.",3533,1079051000,5,2026-09-20T15:18:32.253Z
1701108,2025-12-31,60526023,108681282,v3,4384fe912541facc,open,SPRO,"Spero Therapeutics, Inc.",2834,66802000,5,2026-09-20T15:22:41.754Z
1701478,2025-12-31,0,0,v3,29e5ffd878c8da13,open,AZTR,"Azitra, Inc.",2834,,4,2026-09-20T15:23:41.256Z
1701605,2025-12-31,22917309174,32885642795,v3,57adc5d54497f241,open,BKR,Baker Hughes Company,3533,27733000000,5,2026-09-20T15:22:56.156Z
1701756,2025-12-31,146432524,235353898,v3,5b2a113cf0cf53af,open,SDOT,Sadot Group Inc.,5810,246900000,5,2026-09-20T14:04:02.848Z
1701756,2025-12-31,99918508,337381640,v4.1,c8b1dcf7cff4d278,open,SDOT,Sadot Group Inc.,5810,246900000,5,2026-09-24T22:34:51.628Z
1702780,2025-12-31,6563523603,9727681718,v3,a276f86b1f89695e,open,OPTU,"Optimum Communications, Inc.",4841,8590467000,5,2026-09-22T14:26:48.477Z
1702780,2025-12-31,7418919556,8764013100,v4.1,311272260666c965,open,OPTU,"Optimum Communications, Inc.",4841,8590467000,5,2026-09-24T19:38:27.758Z
1702924,2025-12-31,2143080,8617501,v4.1,26a6ddbc2f0fff69,open,WRAP,"WRAP TECHNOLOGIES, INC.",3480,4672000,5,2026-09-25T12:15:27.763Z
1702924,2025-12-31,3207244,5758967,v3,d79a4f26c59c2d66,open,WRAP,"WRAP TECHNOLOGIES, INC.",3480,4672000,5,2026-09-20T14:14:12.032Z
1705110,2025-12-31,719594491,1024565678,v4.1,1429626f140e096a,open,ANGI,Angi Inc.,7310,1030535000,5,2026-09-24T14:20:04.606Z
1705696,2025-12-31,3497764779,5183975035,v3,08134782ed64f1c0,open,VICI,VICI Properties Inc.,6798,4006116000,5,2026-09-20T15:21:59.347Z
1707753,2026-04-30,1624522599,2407676081,v3,f4085494626ad84c,open,ESTC,ELASTIC N.V.,7372,1739331000,5,2026-09-20T14:20:12.212Z
1707753,2026-04-30,1768583160,2252222798,v4.1,4a2f937047382b76,open,ESTC,ELASTIC N.V.,7372,1739331000,5,2026-09-24T19:43:14.381Z
1707910,2025-12-31,8085826,14519009,v3,45fc92f4d1d710a4,open,REBN,"REBORN COFFEE, INC.",5812,8094628,5,2026-09-20T15:18:31.798Z
1707919,2025-12-31,12222154,21946253,v3,b8dd703b907aa01c,open,CENN,CENNTRO INC.,3711,18080161,5,2026-09-20T14:26:59.651Z
1707919,2025-12-31,5886446,46082983,v4.1,693aaed25c8b478a,open,CENN,CENNTRO INC.,3711,18080161,5,2026-09-24T15:49:02.528Z
1709628,2025-12-31,12269419,22031121,v3,a0a76a281b1c3f21,open,CSAI,"CLOUDASTRUCTURE, INC.",7370,5066000,3,2026-09-20T15:18:52.044Z
1710350,2025-12-31,115178205,185120344,v3,fbf84853a329a80d,open,BTBT,"Bit Digital, Inc.",6199,113560320,4,2026-09-20T15:24:24.306Z
1712184,2025-12-31,3484998265,5165054011,v3,3067a0429eb35e0b,open,LILA,Liberty Latin America Ltd.,4841,4442200000,5,2026-09-20T15:23:09.128Z
1712189,2025-12-31,213876772,343753768,v3,322f2f1aee87be7a,open,TH,TARGET HOSPITALITY CORP.,7000,320635000,5,2026-09-20T15:22:52.194Z
1712762,2025-12-31,3665700,6582177,v3,de3d635961b5867d,open,BIAF,"bioAffinity Technologies, Inc.",8731,6161959,4,2026-09-20T15:22:50.732Z
1713407,2025-12-31,116510874,187262280,v3,9f8787ab1a34e43a,open,,Brookfield Real Estate Income Trust Inc.,6798,143308000,5,2026-09-20T15:22:41.898Z
1713683,2026-07-31,3551394929,4832233811,v4.1,b2b1dced388bdf44,open,ZS,Zscaler Inc,7371,3352523000,5,2026-09-25T13:59:54.224Z
1714174,2025-12-31,133007567,1090488196,v4.1,9ead6e4810ec39f7,open,BUR,BURFORD CAPITAL LIMITED,6199,413360000,4,2026-09-24T19:43:02.301Z
1714174,2025-12-31,301099676,483942912,v3,478401e43f40d2ed,open,BUR,BURFORD CAPITAL LIMITED,6199,413360000,4,2026-09-20T14:01:00.861Z
1714562,2025-12-31,46299884,83136650,v3,d57a588a835435b4,open,GAME,"GAMESQUARE HOLDINGS, INC.",7900,44999302,4,2026-09-20T15:22:48.987Z
1715611,2023-07-31,21082155,37855380,v3,8346c6ba6ef3d167,void,,BODY AND MIND INC.,2834,22819983,5,2026-09-20T15:24:07.668Z
1716166,2025-12-31,14012149,25160389,v3,286315757d702b68,open,VVOS,"Vivos Therapeutics, Inc.",3841,17443000,5,2026-09-20T15:19:13.578Z
1716558,2020-12-31,990763807,1468393435,v3,0f5037678aebe4d9,void,,American Homes 4 Rent,6798,1182836000,5,2026-09-20T15:20:54.724Z
1717547,2025-12-31,201406347,470192631,v4.1,494e24e9e8243c08,open,BRSP,"BRIGHTSPIRE CAPITAL, INC.",6798,330587000,5,2026-09-24T19:53:19.475Z
1717547,2025-12-31,246323540,395903885,v3,e3f96611fcb48343,open,BRSP,"BRIGHTSPIRE CAPITAL, INC.",6798,330587000,5,2026-09-20T14:19:59.559Z
1718405,2023-12-31,0,0,v3,ec9429ecb7137919,void,HYMC,HYCROFT MINING HOLDING CORPORATION,1040,,5,2026-09-20T15:21:59.819Z
1720420,2026-06-30,565327050,908622761,v3,2702970434ca167b,open,IBEX,IBEX LIMITED,7374,644076000,5,2026-09-20T15:23:52.663Z
1720420,2026-06-30,613020794,804520581,v4.1,ba28f1974aa2b3f7,open,IBEX,IBEX LIMITED,7374,644076000,5,2026-09-24T18:30:27.921Z
1720424,2026-03-31,492896384,792208462,v3,d9cc2177bee26620,open,HIVE,HIVE DIGITAL TECHNOLOGIES LTD.,6199,297791000,3,2026-09-20T15:23:53.812Z
1720635,2025-12-31,3851148467,5707718720,v3,4e21b84363d7b9c3,open,NVT,nVent Electric plc,3550,3893100000,5,2026-09-20T15:21:43.790Z
1720893,2025-12-31,348568,625893,v3,45d813dcd131b92c,open,BTAI,"BioXcel Therapeutics, Inc.",2834,642000,4,2026-09-20T15:21:39.831Z
1722482,2025-12-31,5005983514,7419279226,v3,54b3f0958d0459ab,open,AVTR,"Avantor, Inc.",3826,6552200000,5,2026-09-22T14:27:35.744Z
1722482,2025-12-31,5606589607,6746111220,v4.1,1ada7734d6249169,open,AVTR,"Avantor, Inc.",3826,6552200000,5,2026-09-24T19:19:37.513Z
1722731,2025-12-31,20026650,138865810,v4.1,37eb4c4e6f323a39,open,FDCT,"FDCTECH, INC.",7372,34959399,5,2026-09-24T19:16:37.795Z
1722731,2025-12-31,39174440,70342114,v3,c726419e8ac131de,open,FDCT,"FDCTECH, INC.",7372,34959399,5,2026-09-20T14:27:09.255Z
1724965,2025-12-31,1283307313,2188909174,v4.1,c2ac94a3372f48fa,open,TALO,Talos Energy Inc.,1311,1780070000,5,2026-09-25T07:42:00.048Z
1724965,2025-12-31,1364130506,2021753587,v3,481aef032c1b1dd1,open,TALO,Talos Energy Inc.,1311,1780070000,5,2026-09-23T14:35:15.311Z
1725255,2025-12-31,2612803901,3872390240,v3,41efd70e6ed5479d,open,AHCO,AdaptHealth Corp.,8082,3244857000,5,2026-09-20T15:21:42.196Z
1725255,2025-12-31,2831369739,3639186458,v4.1,bd3071b81abfc45b,open,AHCO,AdaptHealth Corp.,8082,3244857000,5,2026-09-24T16:12:02.584Z
1725430,2026-06-30,2662965,13409114,v4.1,9b5da41b20753b2d,open,INBS,INTELLIGENT BIO SOLUTIONS INC.,3841,4215175,5,2026-09-24T18:30:30.034Z
1725430,2026-06-30,4451132,7992509,v3,bad3f0206baf9610,open,INBS,INTELLIGENT BIO SOLUTIONS INC.,3841,4215175,5,2026-09-20T15:23:08.823Z
1726445,2025-12-31,13339184,23952006,v3,05cf55cd2b3a8e60,open,,"SEER, INC.",,16578000,5,2026-09-21T14:14:32.204Z
1726445,2025-12-31,8616308,37119701,v4.1,402e325748057bfa,open,SEER,"SEER, INC.",3826,16578000,5,2026-09-24T19:34:04.289Z
1727196,2025-12-31,0,0,v3,5ac44694aef3b031,open,SRRK,SCHOLAR ROCK HOLDING CORPORATION,2836,,5,2026-09-20T15:22:00.010Z
1728117,2025-12-31,15032584,26992696,v3,44b38cf90edada5c,open,GOSS,"GOSSAMER BIO, INC.",2834,48471000,4,2026-09-20T14:14:02.767Z
1728951,2025-12-31,553240824,889197155,v3,551670b8a5c6576c,open,EPRT,"ESSENTIAL PROPERTIES REALTY TRUST, INC.",6798,561219000,5,2026-09-20T14:27:05.298Z
1728951,2025-12-31,610200726,773520852,v4.1,39b63e12d28228b8,open,EPRT,"ESSENTIAL PROPERTIES REALTY TRUST, INC.",6798,561219000,5,2026-09-24T19:08:35.221Z
1730168,2025-11-02,62076550361,86612172079,v3,b8503b484190e33a,open,AVGO,Broadcom Inc.,3674,63887000000,5,2026-09-20T12:52:49.582Z
1730168,2025-11-02,67127869711,87219684346,v4.1,7e85b5fe2caf0c48,open,AVGO,Broadcom Inc.,3674,63887000000,5,2026-09-24T14:30:39.052Z
17313,2013-03-31,9427967,16928976,v3,23be18ebe629fc02,void,CSWC,Capital Southwest Corporation,,10835000,4,2026-09-20T14:03:59.186Z
1734750,2025-12-31,135832,243902,v3,6987cb647838fa14,open,MOVE,"CORVEX, INC.",7374,433000,2,2026-09-20T15:24:24.060Z
1735041,2025-12-31,69219435,124291281,v3,688b2e3d84665771,open,GTEC,GREENLAND TECHNOLOGIES HOLDING CORPORATION,3560,90694007,5,2026-09-20T15:22:59.921Z
1735438,2025-12-31,47193270,537488160,v4.1,f2c92d620cefb62c,open,MGTX,MeiraGTx Holdings plc,2836,81391000,5,2026-09-24T14:21:58.471Z
1737287,2025-12-31,0,0,v3,7dcda61e422499a9,open,ALLO,"Allogene Therapeutics, Inc.",2836,,5,2026-09-20T13:12:32.252Z
1738827,2025-12-31,373439145,883902276,v4.1,c922dd661cf9a174,open,KLXE,"KLX Energy Services Holdings, Inc.",1389,636600000,5,2026-09-24T14:20:56.119Z
1739445,2025-12-31,2533198979,3754409200,v3,0cb4ca6744ad15c8,open,ACA,"Arcosa, Inc.",3440,2883400000,5,2026-09-20T15:20:51.968Z
1748137,2025-06-30,13670353,24546657,v3,48418d9743e83f40,void,NEOV,"NEOVOLTA, INC.",3690,8426835,5,2026-09-20T15:20:25.692Z
1748137,2026-06-30,15414437,27678356,v3,6ef794e51a3318f3,open,NEOV,"NeoVolta, Inc.",3690,13332953,5,2026-09-23T21:01:45.376Z
1748137,2026-06-30,7795558,55254679,v4.1,be9b4502e9288413,open,NEOV,"NeoVolta, Inc.",3690,13332953,5,2026-09-24T17:30:33.309Z
1749723,2025-12-31,671680946,1851330081,v4,076f27d510c03c35,open,NFE,New Fortress Energy Inc.,4924,1504037000,5,2026-09-24T12:59:19.074Z
1749723,2025-12-31,691792758,1749853278,v4.1,315de78743691c5e,open,NFE,New Fortress Energy Inc.,4924,1504037000,5,2026-09-24T18:02:05.284Z
1749723,2025-12-31,895414755,1327078300,v3,fbbc610bb1d31f5e,open,NFE,New Fortress Energy Inc.,4924,1504037000,5,2026-09-20T14:27:00.781Z
1750106,2025-12-31,1477211,4779703,v4.1,dd8cb10943df5319,open,AEI,Alset Inc.,6500,4470875,5,2026-09-24T14:39:34.251Z
1750106,2025-12-31,1986781,3567489,v3,b114e1c4a8b110f8,open,AEI,Alset Inc.,6500,4470875,5,2026-09-22T14:25:01.444Z
1750149,2024-12-31,0,0,v3,7c42c5f0cf45ee12,void,IKT,"Inhibikase Therapeutics, Inc.",2836,,5,2026-09-20T15:18:16.592Z
1750,2026-05-31,3501184292,4204653013,v4.1,1bc97726990810fe,open,AIR,AAR CORP.,3720,3308000000,5,2026-09-25T13:57:58.776Z
1751788,2025-12-31,28458376262,39706487677,v2,ef4ef30311778ce4,open,DOW,DOW INC.,2821,39968000000,5,2026-09-19T16:35:51.583Z
1754301,2026-06-30,14062310179,19620407738,v2,f51e474db167933f,open,FOXA,Fox Corporation,4833,17126000000,5,2026-09-19T16:33:39.427Z
1754301,2026-06-30,14198837462,20374900620,v3,474fa1dada0e0ef6,open,FOXA,Fox Corporation,4833,17126000000,5,2026-09-20T14:19:59.250Z
1754301,2026-06-30,15702210440,19188359567,v4.1,1ac2141e2ecd78c0,open,FOXA,Fox Corporation,4833,17126000000,5,2026-09-24T19:42:46.765Z
1754301,2026-06-30,17993857423,18019375682,v1,b3f8df759be08223,open,FOXA,Fox Corporation,4833,17126000000,5,2026-09-19T16:27:10.012Z
1755237,2025-12-31,1670340,5391676,v4.1,1d02e09e74f4e44e,open,KRSA,"CYCLERION THERAPEUTICS, INC.",2834,2074000,5,2026-09-24T23:05:55.428Z
1755237,2025-12-31,2243890,4029156,v3,816089ae8de8c3d7,open,KRSA,"CYCLERION THERAPEUTICS, INC.",2834,2074000,5,2026-09-20T14:14:06.196Z
1755672,2025-12-31,13947166000,20013759713,v3,facde6f465bf2203,open,CTVA,"Corteva, Inc.",100,17401000000,5,2026-09-20T15:22:53.403Z
1756180,2025-12-31,2522019,29264023,v4.1,f6853a166fcad772,open,NCRA,"NOCERA, INC.",200,11030595,5,2026-09-24T14:21:20.805Z
1756262,2025-12-31,633135507,1471599675,v4.1,17fd7fda3eea396b,open,TMDX,"TransMedics Group, Inc.",3845,605494000,5,2026-09-25T06:22:39.495Z
1756262,2025-12-31,772668854,1241873191,v3,9d7526d0a624e8ef,open,TMDX,"TransMedics Group, Inc.",3845,605494000,5,2026-09-20T14:04:06.700Z
1756655,2025-12-31,5362541140,7947726949,v3,d5b9a328d81fe937,open,ARDT,"Ardent Health, Inc.",8062,6324339000,4,2026-09-20T15:18:19.226Z
1756761,2025-12-31,55692789,100002668,v3,08cc5d6c092c5d9a,open,,Invesco Real Estate Income Trust Inc.,6798,70888000,5,2026-09-20T15:18:19.701Z
1757073,2025-12-31,2273503061,3369518494,v3,33519e6151f3a6bb,open,NVST,ENVISTA HOLDINGS CORPORATION,3843,2719500000,5,2026-09-20T15:18:17.200Z
1757715,2025-12-31,22802757,90168269,v4.1,6fb1cbea2d25e706,open,ATER,"Aterian, Inc.",3634,68975000,5,2026-09-25T12:54:15.526Z
1757715,2025-12-31,34790238,62469786,v3,ac2d52f1ad378423,open,ATER,"Aterian, Inc.",3634,68975000,5,2026-09-20T15:18:18.819Z
1759425,2025-12-31,707015385,1136351553,v3,7a09feae5e0d881c,open,MIRM,"Mirum Pharmaceuticals, Inc.",2834,521312000,5,2026-09-20T15:20:58.107Z
1759509,2025-12-31,5643797761,8364572390,v3,0ea2331bbc8bbb3d,open,LYFT,"Lyft, Inc.",7389,6316261000,5,2026-09-20T14:11:06.614Z
1759509,2025-12-31,6031569571,7970868242,v4.1,43c88b6bb2cd9642,open,LYFT,"Lyft, Inc.",7389,6316261000,5,2026-09-25T06:22:35.873Z
1759546,2023-12-31,20714138,37194565,v3,710780c037b6c62d,void,SNFI,STARK NOVUS FINANCIAL INC.,3711,2340000,2,2026-09-20T14:33:10.198Z
1759774,2025-12-31,86865006,155975890,v3,2c3773bfa14010fb,open,PSTL,"Postal Realty Trust, Inc.",6798,95823000,5,2026-09-20T15:21:39.925Z
1760903,2025-12-31,3203470,10631816,v4.1,e666bb5fce77e947,open,BNKK,"BONK, INC.",2844,2117309,5,2026-09-24T19:02:07.776Z
1760903,2025-12-31,4362628,7833589,v3,538aebe8f59ef6bf,open,BNKK,"BONK, INC.",2844,2117309,5,2026-09-20T14:00:58.054Z
1760965,2026-01-03,2846899110,4219338590,v3,dc294d390ea94a19,open,KTB,"KONTOOR BRANDS, INC.",2320,3152456000,5,2026-09-20T15:20:34.242Z
1764046,2025-12-31,1888157014,2798403963,v3,13d0cd55f90905f0,open,CLVT,CLARIVATE PLC,7374,2455200000,5,2026-09-20T15:19:43.549Z
1765107,2025-12-31,124351987,199864920,v3,722c24ed5eab43d4,open,,"CIM OPPORTUNITY ZONE FUND, L.P.",6799,115791000,4,2026-09-21T14:14:39.968Z
1765107,2025-12-31,77481677,314907963,v4.1,10c468a85f415eaf,open,,"CIM OPPORTUNITY ZONE FUND, L.P.",6799,115791000,4,2026-09-24T17:39:07.849Z
1766502,2026-02-01,10648870449,15280805748,v3,28b5feb39ac21ce8,open,CHWY,"Chewy, Inc.",5961,12601500000,5,2026-09-20T15:23:49.001Z
1769624,2025-12-31,13274036,23835024,v3,4961fc5ffa5abe66,open,ILLR,Triller Group Inc.,6282,21622000,5,2026-09-20T15:22:29.804Z
1769628,2025-12-31,15114552981,22401010435,v3,2aabed43dc1cf2cb,open,CRWV,"CoreWeave, Inc.",7372,5131000000,3,2026-09-20T15:20:48.438Z
1770501,2025-12-31,14417151,25887617,v3,1a8284af9e687c0b,open,VENU,Venu Holding Corporation,7900,17897046,3,2026-09-25T14:00:37.550Z
1770561,2025-12-31,1236506796,1832604754,v3,89b95a6c9c840d9c,open,CODQL,Coronado Global Resources Inc.,1220,1949787000,5,2026-09-20T14:14:01.253Z
1771514,2025-12-31,74847850,134397733,v3,625b80ddd9625e06,open,,EXCHANGERIGHT INCOME FUND,6798,92925000,4,2026-09-20T15:24:27.643Z
1772720,2025-12-31,134548261,216252897,v3,5967be33276ae925,open,SPRU,Spruce Power Holding Corporation,4911,111812000,5,2026-09-20T14:33:04.811Z
1772720,2025-12-31,86594421,329441685,v4.1,9d5bfef9528b04bd,open,SPRU,Spruce Power Holding Corporation,4911,111812000,5,2026-09-24T22:34:11.865Z
1772921,2025-09-30,1536048495,2356838282,v4.1,fa9b1224ba14bc49,open,ONEW,OneWater Marine Inc.,5531,1872334000,5,2026-09-25T10:57:59.469Z
1772921,2025-09-30,1548656731,2295236626,v3,724552e84a2892e0,open,ONEW,OneWater Marine Inc.,5531,1872334000,5,2026-09-20T15:24:51.199Z
1774170,2026-03-31,473919092,761707181,v3,eab910776ecdc0e2,open,AIOT,"POWERFLEET, INC.",3669,443777000,5,2026-09-20T14:07:07.071Z
1774170,2026-03-31,498188981,696576377,v4.1,f2305dbf6043edb6,open,AIOT,"POWERFLEET, INC.",3669,443777000,5,2026-09-25T04:19:50.923Z
1774170,2026-03-31,498944620,693012145,v4,0fa8772f280eaeed,open,AIOT,"POWERFLEET, INC.",3669,443777000,5,2026-09-24T12:37:50.502Z
1775194,2026-06-30,10944563,84673825,v4.1,bfba5bd757515c0c,open,UPXI,"UPEXI, INC.",6199,24998028,5,2026-09-24T18:30:29.091Z
1775194,2026-06-30,22592721,40567772,v3,1778cf80969b7024,open,UPXI,"UPEXI, INC.",6199,24998028,5,2026-09-20T15:23:43.695Z
1775734,2026-03-31,-141436345,-253964867,v3,a1b12c7ea073ab2a,open,BENF,Beneficient,6199,-39125000,5,2026-09-20T15:21:25.133Z
1777393,2026-01-31,315241449,506672298,v3,6edb5f216d1184cc,open,CHPT,"ChargePoint Holdings, Inc.",3690,411224000,5,2026-09-20T15:23:44.505Z
1781335,2025-12-31,11576049424,16611279423,v3,294c55efaab53318,open,OTIS,OTIS WORLDWIDE CORPORATION,3600,14431000000,5,2026-09-20T14:11:00.191Z
1781335,2025-12-31,13186939741,15226510259,v4.1,0f3cb39113b98cd2,open,OTIS,OTIS WORLDWIDE CORPORATION,3600,14431000000,5,2026-09-24T19:57:42.653Z
1781755,2025-12-31,1292046685,2093276100,v4.1,e3710f20602dfb8e,open,BWIN,"The Baldwin Insurance Group, Inc.",6411,1504884000,5,2026-09-24T19:42:33.990Z
1781755,2025-12-31,1338549602,1983840583,v3,c20d76044fbae6b8,open,BWIN,"The Baldwin Insurance Group, Inc.",6411,1504884000,5,2026-09-22T14:28:05.274Z
1782223,2025-12-31,8729172,15674210,v3,521349a707f025d4,open,PYXS,"Pyxis Oncology, Inc.",2834,13858000,2,2026-09-20T15:18:50.257Z
1782430,2025-12-31,153544154,246784075,v3,5f588a63af571997,open,STRW,"Strawberry Fields REIT, Inc.",6798,154999000,5,2026-09-21T14:14:42.115Z
1782430,2025-12-31,161608173,225390707,v4.1,244a21a57e7e58d9,open,STRW,"Strawberry Fields REIT, Inc.",6798,154999000,5,2026-09-24T17:50:38.280Z
1783328,2025-12-31,10349112,52449828,v4.1,e063f72c9136a40a,open,TCRX,"TSCAN THERAPEUTICS, INC.",2836,10325000,5,2026-09-24T13:29:42.396Z
1783328,2025-12-31,17353511,31160182,v3,edcd9c5512c5fd04,open,TCRX,"TSCAN THERAPEUTICS, INC.",2836,10325000,5,2026-09-20T14:14:41.101Z
17843,2026-06-30,2559791247,3796411884,v2,016a1ece6ce7ceba,open,CRS,CARPENTER TECHNOLOGY CORPORATION,3312,3124200000,5,2026-09-19T16:33:36.481Z
17843,2026-06-30,2678334402,3969511832,v3,ddce45c633c26b03,open,CRS,CARPENTER TECHNOLOGY CORPORATION,3312,3124200000,5,2026-09-20T14:14:05.986Z
17843,2026-06-30,2807991844,3855980998,v4.1,a66523c7adf3a5be,open,CRS,CARPENTER TECHNOLOGY CORPORATION,3312,3124200000,5,2026-09-24T14:15:41.839Z
17843,2026-06-30,3392522206,3568105004,v1,2240ffc8d60b369d,open,CRS,CARPENTER TECHNOLOGY CORPORATION,3312,3124200000,5,2026-09-19T16:27:04.930Z
1785424,2025-12-31,242471592,447640750,v4.1,2d8e1cfbc913b691,open,KPLT,"Katapult Holdings, Inc.",7359,291761000,5,2026-09-24T19:42:02.647Z
1785424,2025-12-31,264319993,424828711,v3,46984ca7b30774bd,open,KPLT,"Katapult Holdings, Inc.",7359,291761000,5,2026-09-20T14:14:00.352Z
1787518,2024-09-30,1740670,3125568,v3,e99c89fc055598e8,void,DFNS,T3 DEFENSE INC.,8742,5913461,3,2026-09-20T15:19:48.782Z
1788451,2025-12-31,464877187,747174566,v3,61776a557ab32211,open,LIFE,Ethos Technologies Inc.,6411,387608000,2,2026-09-20T15:21:29.581Z
1793229,2025-12-31,761811102,1224422053,v3,4623f66167742b28,open,CTEV,CLARITEV CORPORATION,7389,965413000,5,2026-09-20T14:07:02.578Z
1793229,2025-12-31,823733751,1087352114,v4.1,cac458d605c942a8,open,CTEV,CLARITEV CORPORATION,7389,965413000,5,2026-09-25T13:43:43.399Z
1794546,2025-12-31,68928545,123768956,v3,60539b8a0a37883e,open,CARL,"Carlsmed, Inc.",3841,50511000,2,2026-09-20T15:23:41.675Z
1794942,2020-12-31,55229,99170,v3,2aaa34aababb89a8,void,SKFG,"STARK FOCUS GROUP, INC.",5130,44288,2,2026-09-20T14:19:58.242Z
1795586,2025-12-31,2273486240,3369493564,v3,31fbf7c6286d5ce0,open,CHYM,"Chime Financial, Inc.",6199,2186770000,3,2026-09-20T15:23:54.813Z
1796022,2026-03-31,2216664752,3285279445,v3,07f9211ab155ec70,open,STEP,STEPSTONE GROUP INC.,6282,1993603000,5,2026-09-20T15:24:12.346Z
1799191,2025-12-31,502814230,808148937,v3,38459dd748ed2d5e,open,STLN,"Starling Oncology, Inc.",8011,502729000,5,2026-09-20T15:19:45.239Z
1799191,2025-12-31,552529843,705732900,v4.1,bdd7b6d59c4d4a29,open,STLN,"Starling Oncology, Inc.",8011,502729000,5,2026-09-24T22:36:47.776Z
1799448,2025-12-31,971202,1743903,v3,a941ecc449e75333,open,ALGS,"Aligos Therapeutics, Inc.",2836,2186000,5,2026-09-20T14:04:02.551Z
1800227,2025-12-31,1601654381,2373783502,v3,9b3cdacd5e81ec61,open,PPLI,People Incorporated,7370,2393189000,5,2026-09-20T15:24:51.584Z
1801170,2025-12-31,1822760344,3302478689,v4.1,f59b7805375e96ce,open,CLOV,"CLOVER HEALTH INVESTMENTS, CORP. /DE",6324,1924308000,5,2026-09-25T13:58:46.908Z
1801602,2025-12-31,11159210,28616765,v2,080d15ec3a1ca0e6,open,SBIG,"SPRINGBIG HOLDINGS, INC.",7371,22834000,5,2026-09-19T16:33:50.241Z
1801602,2025-12-31,13435161,32751563,v4.1,fb5091a69362b8a8,open,SBIG,"SPRINGBIG HOLDINGS, INC.",7371,22834000,5,2026-09-24T16:24:13.998Z
1801602,2025-12-31,13435161,32751563,v4,57ab36a353d070f4,open,SBIG,"SPRINGBIG HOLDINGS, INC.",7371,22834000,5,2026-09-24T13:14:08.351Z
1801602,2025-12-31,15722297,28231152,v3,b2ab84e0d7bc45ad,open,SBIG,"SPRINGBIG HOLDINGS, INC.",7371,22834000,5,2026-09-20T14:14:03.706Z
1801602,2025-12-31,21152645,22703875,v1,3a0098fcc9e9a9e1,open,SBIG,"SPRINGBIG HOLDINGS, INC.",7371,22834000,5,2026-09-19T16:27:35.473Z
1801661,2025-12-31,55969547,161709722,v4,b35868fe8cbbc148,open,FIRY,FIRY INC.,7374,104496000,5,2026-09-24T12:46:54.860Z
1801661,2025-12-31,65423899,139063334,v4.1,0f9557effb352c69,open,FIRY,FIRY INC.,7374,104496000,5,2026-09-24T20:47:34.258Z
1801661,2025-12-31,76419965,122826105,v3,df31ca7ec865dcd7,open,FIRY,FIRY INC.,7374,104496000,5,2026-09-20T14:27:09.894Z
1802156,2025-12-31,241367430,426155667,v4.1,bb3a6ac1825f97a0,open,XPOF,"Xponential Fitness, Inc.",7990,314879000,5,2026-09-25T12:53:43.611Z
1802156,2025-12-31,257423975,413745075,v3,b39859108c004f6d,open,XPOF,"Xponential Fitness, Inc.",7990,314879000,5,2026-09-20T15:20:53.016Z
1802255,2025-12-31,1358738619,2013762367,v3,d1a57a8a1b74b96e,open,GRDN,"Guardian Pharmacy Services, Inc.",5912,1448685000,2,2026-09-20T15:18:51.611Z
1802974,2025-10-31,1177216027,1745922414,v2,5a20a076444191b1,open,AVO,"MISSION PRODUCE, INC.",700,1391200000,5,2026-09-19T16:33:31.691Z
1802974,2025-10-31,1231732543,1825528918,v3,bd9715331d2ca3e8,open,AVO,"MISSION PRODUCE, INC.",700,1391200000,5,2026-09-20T14:07:12.179Z
1802974,2025-10-31,1264756565,1810655163,v4.1,a62dfacdf8b2bbfa,open,AVO,"MISSION PRODUCE, INC.",700,1391200000,5,2026-09-24T19:17:28.013Z
1802974,2025-10-31,1554827701,1567536600,v1,1d4ea3751c6a4b7f,open,AVO,"MISSION PRODUCE, INC.",700,1391200000,5,2026-09-19T16:26:54.311Z
1803599,2025-11-30,8516559854,12622242047,v3,fb8e0a3d65c6ab8f,open,CNXC,CONCENTRIX CORPORATION,7389,9825771000,5,2026-09-21T14:14:37.962Z
1803599,2025-11-30,8997987689,12166927046,v4.1,00b08e92cc1e8718,open,CNXC,CONCENTRIX CORPORATION,7389,9825771000,5,2026-09-24T14:09:51.653Z
1804745,2025-12-27,1506325073,2232497628,v3,2e85db1fa4a47afa,open,DRVN,Driven Brands Holdings Inc.,7500,1862438000,5,2026-09-20T15:20:48.689Z
1805521,2025-12-31,391181,702409,v3,a30b21edda06bf04,open,FFAI,FARADAY FUTURE INTELLIGENT ELECTRIC INC.,3711,536000,4,2026-09-20T15:24:44.731Z
1805526,2025-12-31,23916435,66852018,v4.1,afe65b239a8c2696,open,DFDV,DEFI DEVELOPMENT CORP.,6199,11386000,4,2026-09-24T15:32:48.653Z
1805526,2025-12-31,29934805,53751310,v3,23e0b40fb02ff036,open,DFDV,DEFI DEVELOPMENT CORP.,6199,11386000,4,2026-09-20T14:11:04.103Z
1807046,2025-12-31,17902953,32146766,v3,eec994807ef8d224,open,OZ,"Belpointe PREP, LLC",6500,9187000,5,2026-09-20T15:22:41.642Z
1807166,2025-06-30,48764,87560,v3,6c0ba456f1f5ce35,void,AMST,Amesite Inc.,7372,110459,5,2026-09-20T15:18:29.612Z
1807166,2026-06-30,262719,2039235,v4.1,b1bad3229743ccdd,open,AMST,AMESITE INC.,7372,364777,5,2026-09-24T16:30:32.065Z
1807166,2026-06-30,543202,975381,v3,bf3a854509996af6,open,AMST,AMESITE INC.,7372,364777,5,2026-09-24T09:17:38.756Z
1807887,2025-12-31,11422892,20511087,v3,e48f89df2dd35805,open,LASE,Laser Photonics Corp,3690,8342008,5,2026-09-20T13:57:56.607Z
1807887,2025-12-31,6901992,34060625,v4.1,b9c32146c5868d99,open,LASE,Laser Photonics Corp,3690,8342008,5,2026-09-24T17:41:34.493Z
1809750,2025-12-31,9210878,16539168,v3,aa418e805e773ef2,open,EDBL,EDIBLE GARDEN AG INCORPORATED,100,12810000,5,2026-09-20T15:22:58.391Z
1811210,2025-12-31,1495422321,2600558341,v4.1,dd4a1792d18068e8,open,LCID,"Lucid Group, Inc.",3711,1353790000,5,2026-09-25T04:57:03.614Z
1811210,2025-12-31,1605054996,2378823493,v3,0fc9ab15e026a987,open,LCID,"Lucid Group, Inc.",3711,1353790000,5,2026-09-20T14:04:28.356Z
1812727,2025-12-31,7125243,18853839,v4.1,f142a074a15d67e0,open,EZRA,"Reliance Global Group, Inc.",6411,12430959,5,2026-09-24T15:42:36.361Z
1812727,2025-12-31,8681087,15587869,v3,5da7059f3d436b92,open,EZRA,"Reliance Global Group, Inc.",6411,12430959,5,2026-09-20T14:07:27.593Z
1814114,2025-12-31,181939101,326692121,v3,cdfc75eef27425d3,open,OBIO,"Orchestra BioMed Holdings, Inc.",3841,33482000,4,2026-09-20T15:24:12.584Z
1814215,2025-12-31,0,0,v2,ddb028b4cd7fb8cf,open,BURU,"NUBURU, INC.",3690,,4,2026-09-19T17:32:57.154Z
1814215,2025-12-31,0,0,v3,e8ff360f4faa7260,open,BURU,"NUBURU, INC.",3690,,4,2026-09-20T13:12:43.840Z
1817241,2025-12-31,0,0,v3,4203f9dd5555fb46,open,ARTV,"Artiva Biotherapeutics, Inc.",2836,,3,2026-09-20T14:00:57.717Z
1817358,2026-01-31,4819293991,7142590000,v3,e533bea972c7bee8,open,ASO,"Academy Sports and Outdoors, Inc.",5940,6053414000,5,2026-09-20T15:18:32.834Z
1817760,2025-12-31,1299324,11268896,v4.1,74c229f728b6f101,open,SMTK,"SmartKem, Inc.",3674,697000,5,2026-09-24T17:57:06.138Z
1817760,2025-12-31,2837072,5094282,v3,a060d4ce53b7b16a,open,SMTK,"SmartKem, Inc.",3674,697000,5,2026-09-20T15:23:51.550Z
1818383,2025-12-31,1165279607,1727040201,v3,2f8c83ea193a19eb,open,MAX,"MediaAlpha, Inc.",7389,1113600000,5,2026-09-20T15:23:54.907Z
1818383,2025-12-31,822589902,2492550256,v4.1,293a26e40398562b,open,MAX,"MediaAlpha, Inc.",7389,1113600000,5,2026-09-25T16:15:48.198Z
1818644,2025-12-31,132800,238458,v3,165da3c596c62edc,open,LIDR,"AEye, Inc.",3714,233000,5,2026-09-20T14:27:08.232Z
1818644,2025-12-31,65781,486373,v4.1,06fff2fd6f6cf8a6,open,LIDR,"AEye, Inc.",3714,233000,5,2026-09-24T16:23:03.671Z
1819404,2025-12-31,139299982,223890108,v3,fbd8dd40278bbfeb,open,NRDY,NERDY INC.,8200,178988000,5,2026-09-20T15:20:52.142Z
1819404,2025-12-31,144751159,207222112,v4.1,ffca98b601d2a39f,open,NRDY,NERDY INC.,8200,178988000,5,2026-09-25T05:27:20.085Z
1819438,2025-12-31,432550,3018889,v4.1,6edd0985084b12c5,open,GWH,"ESS Tech, Inc.",3690,1583000,5,2026-09-25T14:00:36.593Z
1819790,2025-12-31,449819216,2874500826,v4.1,04209aa4687c3421,open,TARS,"TARSUS PHARMACEUTICALS, INC.",2836,451360000,5,2026-09-24T19:10:07.515Z
1819790,2025-12-31,901212211,1448474698,v3,18d93c81028caeaf,open,TARS,"TARSUS PHARMACEUTICALS, INC.",2836,451360000,5,2026-09-20T14:11:03.883Z
1819848,2025-12-31,15402351880,27656655277,v3,b6ee6217f558d8e7,open,JOBY,"Joby Aviation, Inc.",3721,53425000,5,2026-09-20T15:22:56.655Z
1819994,2025-12-31,664046410,1067289602,v3,7edae6ddf60078fc,open,RKLB,Rocket Lab Corp,3760,601799000,5,2026-09-20T15:22:56.423Z
1820144,2025-12-31,448988374,721637248,v3,7dd19618d5d89ebb,open,GRND,Grindr Inc.,7370,439898000,5,2026-09-20T15:18:54.180Z
1820721,2025-12-31,1186906234,1759092641,v3,860917e82d26f90c,open,ARRY,"ARRAY TECHNOLOGIES, INC.",3674,1284141000,5,2026-09-22T21:25:56.046Z
1820721,2025-12-31,832448281,2555319927,v4.1,8984e7335dcd0ea5,open,ARRY,"ARRAY TECHNOLOGIES, INC.",3674,1284141000,5,2026-09-24T14:39:24.971Z
1821769,2025-12-31,27241936,48915960,v3,c27429e9b76ed2eb,open,NVTS,Navitas Semiconductor Corp,3674,45916000,5,2026-09-22T14:27:11.933Z
1822523,2025-12-31,11071357,19879866,v3,800c34560a9966cb,open,AFCG,ADVANCED FLOWER CAPITAL INC.,,24563601,4,2026-09-20T15:22:59.603Z
1822791,2025-12-31,38218,459711,v4.1,36233a3527076b49,open,CLNN,Clene Inc.,2834,200000,5,2026-09-24T19:52:08.051Z
1822791,2025-12-31,98002,175974,v3,d279bee38424d8f6,open,CLNN,Clene Inc.,2834,200000,5,2026-09-20T14:14:06.373Z
1823466,2025-12-31,43145543,110642764,v2,39da6494faf2b7db,open,NOTE,"FiscalNote Holdings, Inc.",7389,95407000,5,2026-09-19T16:33:44.010Z
1823466,2025-12-31,50159460,127121103,v4.1,df1fd684f949d517,open,NOTE,"FiscalNote Holdings, Inc.",7389,95407000,5,2026-09-24T19:15:41.937Z
1823466,2025-12-31,60788086,109151845,v3,dc56d0ae84d5bdd6,open,NOTE,"FiscalNote Holdings, Inc.",7389,95407000,5,2026-09-20T14:27:10.641Z
1823466,2025-12-31,75686359,98814563,v1,7400c71a4fedb73f,open,NOTE,"FiscalNote Holdings, Inc.",7389,95407000,5,2026-09-19T16:27:20.711Z
1823584,2026-06-30,1004921540,1353403300,v4.1,b9f52a9557986018,open,AENT,ALLIANCE ENTERTAINMENT HOLDING CORPORATION,5099,1148986000,5,2026-09-24T19:00:49.351Z
1823584,2026-06-30,949251226,1406868377,v3,def52b0509db1f79,open,AENT,ALLIANCE ENTERTAINMENT HOLDING CORPORATION,5099,1148986000,5,2026-09-20T14:00:57.602Z
1823635,2026-05-31,349000,626669,v3,2acdd3ef56af750f,open,ECXJ,"CXJ GROUP CO., LIMITED",3714,531606,5,2026-09-20T15:20:38.321Z
1824293,2021-12-31,0,0,v3,5203c0090653025d,void,GRI,"GRI BIO, INC.",2834,,2,2026-09-20T15:19:25.091Z
1824920,2025-12-31,178996482,287692368,v3,3b4b2bd8ec1ee146,open,IONQ,"IONQ, INC.",7373,130016000,5,2026-09-20T15:20:39.407Z
1825024,2025-12-31,255683133,410947105,v3,1bae53f3904612a7,open,OPAD,Offerpad Solutions Inc.,6531,567812000,5,2026-09-20T15:24:14.967Z
1825088,2025-12-31,3289693341,5759577829,v4.1,616a0a5c1996c66c,open,DFH,"DREAM FINDERS HOMES, INC.",1531,4322848000,5,2026-09-24T17:39:23.960Z
1825088,2025-12-31,3542803081,5250725502,v3,420c4988af3dd594,open,DFH,"DREAM FINDERS HOMES, INC.",1531,4322848000,5,2026-09-20T14:10:55.969Z
1826000,2025-12-31,45866079,144227830,v4.1,cf9be1e61109767d,open,LTCH,"Latch, Inc.",5072,70117000,5,2026-09-24T22:00:03.995Z
1826000,2025-12-31,62151861,111600658,v3,35150b9c3f6c188f,open,LTCH,"Latch, Inc.",5072,70117000,5,2026-09-20T15:23:53.053Z
1826011,2025-12-31,17860111,32069838,v3,053bffd715e4b5df,open,PARA,"Banzai International, Inc.",7372,12161419,4,2026-09-20T14:14:06.801Z
1826011,2025-12-31,9837167,58609880,v4.1,2ff9a71fc1073c23,open,PARA,"Banzai International, Inc.",7372,12161419,4,2026-09-24T19:47:02.087Z
1826457,2025-12-31,159537033,256416139,v3,e54c903925d68dec,open,GLUE,"Monte Rosa Therapeutics, Inc.",2836,123672000,3,2026-09-20T15:23:50.813Z
1826470,2026-01-31,4671289286,6923234857,v3,a944aa7072fecbc7,open,WOOF,"Petco Health & Wellness Company, Inc.",5990,5961467000,5,2026-09-20T15:20:42.244Z
1826660,2025-12-31,35234759,63267973,v3,c11d280f338ab9ec,open,WETH,WETOUCH TECHNOLOGY INC.,3577,45136818,5,2026-09-20T15:22:48.336Z
1828185,2025-12-31,0,0,v1,b0a4a106ff51d917,open,BRNS,BARINTHUS BIOTHERAPEUTICS PLC,2834,,5,2026-09-19T16:26:58.538Z
1828185,2025-12-31,0,0,v2,d1300a851bea6aad,open,BRNS,BARINTHUS BIOTHERAPEUTICS PLC,2834,,5,2026-09-19T16:33:33.398Z
1828185,2025-12-31,0,0,v3,07daee9dcd499e4e,open,BRNS,BARINTHUS BIOTHERAPEUTICS PLC,2834,,5,2026-09-20T14:11:01.164Z
1828673,2025-12-31,2852,12268,v4.1,1ade3636f186a874,open,HCWB,HCW Biologics Inc.,2834,54232,5,2026-09-25T04:56:27.411Z
1828673,2025-12-31,4412,7922,v3,d825d22657fdb4bb,open,HCWB,HCW Biologics Inc.,2834,54232,5,2026-09-20T15:19:23.840Z
1828805,2026-06-30,4634334,14959125,v4.1,b49e58d87fa42317,open,ALMU,"AELUMA, INC.",3674,4461000,4,2026-09-24T19:30:17.577Z
1828805,2026-06-30,6225638,11178834,v3,725e7393f6901e83,open,ALMU,"AELUMA, INC.",3674,4461000,4,2026-09-20T15:22:47.704Z
1828972,2025-12-31,131828229,211881121,v3,7d8e3171358e8492,open,BZFD,"BuzzFeed, Inc.",4899,185266000,5,2026-09-20T14:27:01.835Z
1828972,2025-12-31,135121810,198923701,v4.1,1d47b73a33c56790,open,BZFD,"BuzzFeed, Inc.",4899,185266000,5,2026-09-24T13:42:37.358Z
1829311,2025-08-31,9540484,17131012,v3,e6ae610f918863c2,open,BMNR,"BITMINE IMMERSION TECHNOLOGIES, INC.",6199,6095000,5,2026-09-20T15:19:45.552Z
1830072,2025-06-30,41486898,74494391,v3,01d8452032d535a8,void,IPW,iPower Inc.,5200,66142779,5,2026-09-20T14:32:58.075Z
1830081,2025-12-31,96071959,154411802,v3,5d81198765b5f20b,open,RUM,RUM GROUP INC.,7370,100622320,5,2026-09-20T15:24:15.463Z
1832161,2025-06-30,-2386,-4285,v3,bad000a7930a9cd4,void,VIPZ,"VIP     Play, Inc.",5900,-86473,5,2026-09-20T15:20:29.299Z
1832511,2025-12-31,1109454146,1997965141,v4.1,875e91f9ec12e21c,open,PIII,P3 Health Partners Inc.,8000,1459080000,5,2026-09-24T17:11:36.400Z
1832511,2025-12-31,1211768498,1795940561,v3,45effde4310c93c0,open,PIII,P3 Health Partners Inc.,8000,1459080000,5,2026-09-20T14:19:58.557Z
1833498,2025-12-31,11411907,20491362,v3,8ad68899cbbb8833,open,MDAI,"SPECTRAL AI, INC.",3841,19650000,4,2026-09-20T15:21:40.897Z
1834105,2025-12-31,17635,31665,v3,deea93264feee1c0,open,IBO,"Impact     BioMedical, INC.",2834,32000,2,2026-09-20T15:23:49.342Z
1834376,2026-06-30,893148405,1435514132,v3,e2c2309f92fc4b3f,open,INNV,InnovAge Holding Corp.,8000,989707000,5,2026-09-20T15:22:52.550Z
1834376,2026-06-30,970845208,1267850034,v4.1,3c89f13f8a3ea4e1,open,INNV,InnovAge Holding Corp.,8000,989707000,5,2026-09-24T18:30:31.042Z
1834488,2025-12-31,442166749,710673180,v3,d3376dfaf2bdc6fe,open,NABL,"N-able, Inc.",7372,508840000,5,2026-09-20T15:20:52.142Z
1835022,2025-12-31,13037134,23409641,v3,fa4b5dee227433d9,open,COYA,"Coya Therapeutics, Inc.",2834,7945753,4,2026-09-20T15:23:48.343Z
1835268,2025-12-31,115,207,v3,a55152464a6549d3,open,CNTB,Connect Biopharma Holdings Limited,2834,64000,3,2026-09-20T15:23:04.935Z
1835856,2025-12-31,253231919,407007387,v3,487e35900f40eaec,open,BETR,Better Home & Finance Holding Company,6163,164872000,4,2026-09-20T15:21:44.680Z
1836875,2025-12-31,2335519,8297136,v4.1,60cfd98e01ab4205,open,NVVE,NUVVE HOLDING CORP.,3690,4793942,5,2026-09-24T18:51:26.614Z
1836875,2025-12-31,3288800,5905410,v3,f9dc9d28a06fdc56,open,NVVE,NUVVE HOLDING CORP.,3690,4793942,5,2026-09-20T14:27:00.629Z
1836981,2025-12-31,87827941,141161592,v3,188fc34a5878cd71,open,BBAI,"BigBear.ai Holdings, Inc.",7372,127672000,5,2026-09-20T14:11:00.123Z
1836981,2025-12-31,90659783,131559672,v4.1,0dd84763541e71d7,open,BBAI,"BigBear.ai Holdings, Inc.",7372,127672000,5,2026-09-24T15:39:45.562Z
1838163,2025-12-31,560334,1006143,v3,518f55535269c341,open,BNAI,Brand Engagement Network Inc.,7373,275120,3,2026-09-20T15:24:25.686Z
1838359,2025-12-31,2655529,9893575,v4.1,0e24462f1a8e8cd1,open,RGTI,"RIGETTI COMPUTING, INC.",7371,7088000,5,2026-09-25T09:37:39.623Z
1838359,2025-12-31,3827871,6873374,v3,3817240347a77d71,open,RGTI,"RIGETTI COMPUTING, INC.",7371,7088000,5,2026-09-20T15:21:27.439Z
1838987,2025-12-28,404390828,1053754257,v4.1,d5772e898f829649,open,SPWR,SUNPOWER INC.,1700,300000000,4,2026-09-24T14:21:38.483Z
1838987,2025-12-28,464517522,799274522,v2,67ed0117bf735f2d,open,SPWR,SUNPOWER INC.,1700,300000000,4,2026-09-19T16:33:52.048Z
1838987,2025-12-28,496391614,827647091,v1,c880eca83a349687,open,SPWR,SUNPOWER INC.,1700,300000000,4,2026-09-19T16:27:37.903Z
1838987,2025-12-28,521953591,838910704,v3,67525716846b3857,open,SPWR,SUNPOWER INC.,1700,300000000,4,2026-09-20T13:58:25.368Z
1839285,2025-12-31,5248102,30923393,v4.1,31a5307ffe6625b5,open,HCTI,"HEALTHCARE TRIANGLE, INC.",7373,13891000,5,2026-09-25T11:38:07.616Z
1839285,2025-12-31,9476534,17016183,v3,97b543db7a86715e,open,HCTI,"HEALTHCARE TRIANGLE, INC.",7373,13891000,5,2026-09-20T15:24:14.557Z
1840317,2025-12-31,140355,252023,v3,998bd4b87ef912bf,open,VEEA,VEEA INC.,7373,222018,3,2026-09-20T15:20:28.331Z
1840425,2025-12-31,1755326,3151886,v3,6ca72da7a0d84bfd,open,OSRH,"OSR HEALTH, INC.",3841,2905805,2,2026-09-20T15:21:41.708Z
1840563,2025-12-31,273082,490349,v3,213a20b08d3df63c,open,ELAB,PMGC HOLDINGS INC.,2834,590084,3,2026-09-20T14:14:06.886Z
1840776,2025-12-31,1390207547,2060401906,v3,70c443dfa3501b9a,open,HGTY,"HAGERTY, INC.",6411,1456389000,5,2026-09-20T14:16:56.153Z
1840776,2025-12-31,1548693894,1883516268,v4.1,a92aa5620f7c8ffd,open,HGTY,"HAGERTY, INC.",6411,1456389000,5,2026-09-24T16:57:51.808Z
1840780,2025-12-31,46540900,83569420,v3,71600149f838c94e,open,LOCL,Local Bounti Corporation/DE,100,48365000,5,2026-09-22T14:26:47.103Z
1840856,2025-12-31,222445796,382752532,v2,6a32626d36610873,open,SOUN,"SOUNDHOUND AI, INC.",7372,168920000,5,2026-09-19T16:33:51.345Z
1840856,2025-12-31,249950490,401733306,v3,c8d32fc1f1d94382,open,SOUN,"SOUNDHOUND AI, INC.",7372,168920000,5,2026-09-20T14:27:12.651Z
1840856,2025-12-31,250391520,386263081,v4.1,7d7335371cc74692,open,SOUN,"SOUNDHOUND AI, INC.",7372,168920000,5,2026-09-24T19:45:00.939Z
1840856,2025-12-31,283813298,336910564,v1,8c743562b79dc336,open,SOUN,"SOUNDHOUND AI, INC.",7372,168920000,5,2026-09-19T16:27:37.162Z
1841330,2022-12-31,11535204,20712756,v3,90bc15dac003808a,void,KTTA,PASITHEA THERAPEUTICS CORP.,2834,486559,2,2026-09-20T15:23:48.081Z
1841387,2022-12-31,65112,166975,v3,605dfb6e30cb7473,void,CADL,"CANDEL THERAPEUTICS, INC.",2836,125000,3,2026-09-20T13:12:42.542Z
1842939,2025-12-31,53365138,95823108,v3,445a906bf5db37cf,open,XAGE,"Longevity Health Holdings, Inc.",2840,1912811,3,2026-09-20T15:21:40.595Z
1843714,2024-12-31,1940112,3483689,v3,874a0e0cf7d72076,void,ZPTA,"Zapata Quantum, Inc.",7372,3876000,2,2026-09-20T15:24:07.731Z
1843973,2025-12-31,326670861,525042238,v3,37d54c259db6affe,open,FLYX,"flyExclusive, Inc.",4522,375877000,4,2026-09-20T15:23:07.016Z
1843973,2025-12-31,348390237,472996166,v4.1,f436fb523bac298e,open,FLYX,"flyExclusive, Inc.",4522,375877000,4,2026-09-25T10:57:44.103Z
1845257,2025-12-31,1256835518,1864005630,v3,5c6e5997cc590a20,open,LFST,"LifeStance Health Group, Inc.",8000,1424285000,5,2026-09-20T13:12:40.537Z
1845437,2025-12-31,0,0,v3,f09eb8b5212a3597,open,NPWR,NET Power Inc.,3620,,3,2026-09-20T14:07:07.428Z
1845459,2023-12-31,0,0,v3,eb55e9c696dd5c1b,void,,"NKGen Biotech, Inc.",2836,,2,2026-09-20T15:20:37.602Z
1845815,2025-12-31,948184146,1405286876,v3,614ed9e641473668,open,PAYO,Payoneer Global Inc.,7389,1052774000,5,2026-09-20T15:19:30.266Z
1847874,2025-12-31,21372463,55920574,v4.1,0bf9fd7b62398834,open,BEEP,MOBILE INFRASTRUCTURE CORPORATION,6500,35075000,4,2026-09-24T14:20:05.192Z
1848275,2026-03-31,4918880,8832403,v3,dd84aa6fd7196ddf,open,TOP,TOP FINANCIAL GROUP LIMITED,6200,4723765,2,2026-09-20T15:23:54.998Z
1849380,2025-12-31,868663,5199803,v4.1,a5825e50eb427862,open,ONMDW,ONEMEDNET CORPORATION,8731,1359000,4,2026-09-24T14:21:45.884Z
1849635,2025-12-31,3210247,5764359,v3,b0b8368ea45f9d0a,open,DJT,Trump Media & Technology Group Corp.,7370,3682600,4,2026-09-20T15:22:02.078Z
1849820,2025-12-31,2220971,42375179,v4.1,6550b6e8c6cc153f,open,KITT,"NAUTICUS ROBOTICS, INC.",3569,5274915,5,2026-09-24T19:23:20.904Z
1849820,2025-12-31,7144532,12828812,v3,c53338c1fbc69bf4,open,KITT,"NAUTICUS ROBOTICS, INC.",3569,5274915,5,2026-09-20T15:22:59.053Z
1850119,2025-12-31,342289198,3245348198,v4.1,019893adbf76d42f,open,IPSC,"Century Therapeutics, Inc.",2836,109164000,4,2026-09-25T16:16:15.923Z
1850119,2025-12-31,832084720,1337369433,v3,870a03174e9a1a10,open,IPSC,"Century Therapeutics, Inc.",2836,109164000,4,2026-09-20T14:03:58.873Z
1851961,2025-12-31,775182,1391926,v3,0dd44730b4753094,open,GCTS,"GCT Semiconductor Holding, Inc.",3674,2866000,3,2026-09-20T14:27:01.252Z
1852131,2026-03-31,3446631298,5108191010,v3,5099fecccf6a0507,open,NXT,Nextpower Inc.,3674,3559390000,5,2026-09-22T21:25:57.031Z
1852131,2026-03-31,3851020232,4655735314,v4.1,8847891febce84ce,open,NXT,Nextpower Inc.,3674,3559390000,5,2026-09-24T15:30:26.834Z
1853070,2025-12-31,33167770,356151968,v4.1,2866955239ac8045,open,SOAR,"VOLATO GROUP, INC.",4522,78559000,4,2026-09-24T17:25:12.949Z
1853070,2025-12-31,84870322,152394209,v3,9eddb90899e879a7,open,SOAR,"VOLATO GROUP, INC.",4522,78559000,4,2026-09-20T14:04:02.733Z
1853145,2025-12-31,471528979,757865669,v3,67a49884e3410816,open,EVCM,EverCommerce Inc.,7372,588907000,5,2026-09-22T14:26:04.773Z
1853145,2025-12-31,472090133,729116101,v4.1,a218265932b9e7e5,open,EVCM,EverCommerce Inc.,7372,588907000,5,2026-09-24T19:31:52.468Z
1854270,2025-12-31,2785,5001,v3,943c16424b158772,open,SNTI,"Senti Biosciences Holdings, Inc.",2836,22000,5,2026-09-20T15:24:15.066Z
1854275,2026-03-31,5655262,14479121,v4.1,7520ed610d395fa9,open,ZCAR,"ZOOMCAR HOLDINGS, INC.",7510,9156025,4,2026-09-24T19:40:59.288Z
1854275,2026-03-31,6779444,12173254,v3,bb70e72857120212,open,ZCAR,"ZOOMCAR HOLDINGS, INC.",7510,9156025,4,2026-09-20T15:24:28.538Z
1854445,2025-06-30,8990774,16143947,v3,7fcf8bee1da954bb,void,BTLN,"THE GLIMPSE GROUP, INC.",7371,10527925,5,2026-09-20T15:18:51.181Z
1855467,2025-09-30,15939422,28621026,v3,383600a65fa52bcc,open,MOBX,"MOBIX LABS, INC.",3674,9912000,3,2026-09-20T15:21:44.939Z
1855747,2025-12-31,70550933,185105039,v4.1,75d59df5e56e081f,open,BLND,"BLEND LABS, INC.",7370,123585000,5,2026-09-24T16:59:02.213Z
1855747,2025-12-31,91367715,146850900,v3,16a56378f8250fec,open,BLND,"BLEND LABS, INC.",7370,123585000,5,2026-09-22T14:27:34.905Z
1856314,2025-12-31,858589934,1357011271,v4.1,d594905bb3b840c1,open,YOU,"CLEAR SECURE, INC.",7372,900779000,5,2026-09-24T21:59:23.807Z
1856314,2025-12-31,867328307,1394014741,v3,9e6fea60aa550cc5,open,YOU,"CLEAR SECURE, INC.",7372,900779000,5,2026-09-20T14:07:07.969Z
1856525,2026-02-01,6310629495,9352871854,v3,9e2f2fd1a6008682,open,CNM,"Core & Main, Inc.",5099,7647000000,5,2026-09-20T15:20:28.278Z
1857086,2025-12-31,12618003,22657044,v3,c8cbcb190a0a4e91,open,TRUG,"TRUGOLF HOLDINGS, INC.",3949,18878997,3,2026-09-25T13:58:55.815Z
1859199,2025-12-31,11969959,21493409,v3,23dec862c23f4ae1,open,AIRE,reAlpha Tech Corp.,6500,4518498,4,2026-09-20T14:13:59.946Z
1859199,2025-12-31,8910377,28761728,v4.1,82f8e6cb7ab147ec,open,AIRE,reAlpha Tech Corp.,6500,4518498,4,2026-09-25T06:04:13.556Z
1859392,2025-12-31,59675801624,85632963312,v3,dfe1a08ee739fffc,open,GLXY,Galaxy Digital Inc.,6211,60406728000,3,2026-09-24T14:20:55.051Z
1861795,2025-12-31,189095684,303924326,v3,077b12fb917b4da7,open,DH,Definitive Healthcare Corp.,7372,241521000,5,2026-09-20T15:21:59.599Z
1861795,2025-12-31,190655636,290265796,v4.1,567086c66880d5aa,open,DH,Definitive Healthcare Corp.,7372,241521000,5,2026-09-25T01:23:07.450Z
1864531,2025-12-31,16062746,28842468,v3,9046a1709534e228,open,VSEE,"VSee Health, Inc.",8000,14618184,3,2026-09-24T14:20:06.080Z
1868159,2025-12-31,4801803922,5878528730,v4.1,a3af413359d7a956,open,LINE,"Lineage, Inc.",6798,5355000000,4,2026-09-25T13:59:30.793Z
1868275,2025-12-31,21170833626,30379503414,v3,7ca388e6d4ae9c6d,open,CEG,CONSTELLATION ENERGY CORPORATION,4911,25533000000,5,2026-09-22T21:26:03.274Z
1868419,2025-12-31,9640532,17310660,v3,c2bb775079d54257,open,CYCU,"Cycurion, Inc.",7371,15133647,3,2026-09-20T14:07:04.359Z
1868516,2025-12-31,1845661,3314092,v3,14e0378657c1d0b8,open,,"StratCap Digital Infrastructure REIT, Inc.",6798,2582747,2,2026-09-24T14:20:02.985Z
1868640,2026-03-31,28379818,192698662,v4.1,f1bdb9ac7fee2120,open,RDZN,ROADZEN INC.,6411,55021792,4,2026-09-25T06:17:53.805Z
1868640,2026-03-31,57281914,102856120,v3,435c9ec147c72d56,open,RDZN,ROADZEN INC.,6411,55021792,4,2026-09-20T14:14:13.902Z
1868941,2025-09-30,1528289060,3442024962,v4.1,6de41090af3f9f62,open,FLNC,"Fluence Energy, Inc.",3690,2262830000,5,2026-09-24T19:55:27.646Z
1868941,2025-09-30,1866626163,2766493473,v3,1da50a3d98432985,open,FLNC,"Fluence Energy, Inc.",3690,2262830000,5,2026-09-20T14:04:05.388Z
1872292,2024-12-31,192114,344962,v3,0e0737e39c6f9f50,void,RAKR,RAINMAKER WORLDWIDE INC.,2086,143725,2,2026-09-22T14:25:53.419Z
1873722,2025-12-31,2180,3915,v3,80da5e093ec34c12,open,BBLR,"Bubblr, Inc.",7370,3369,3,2026-09-20T14:07:03.827Z
1873875,2025-06-30,452327,812204,v3,5e63dfb033eb8de3,void,IXHL,Incannex Healthcare Inc.,2834,86000,2,2026-09-20T15:23:00.431Z
1874097,2025-12-31,123485,221732,v3,3e1b9f2b169aa633,open,CYN,CYNGN INC.,7371,218976,4,2026-09-22T14:26:55.936Z
1874097,2025-12-31,75173,365369,v4.1,c66d96fead3a38d6,open,CYN,CYNGN INC.,7371,218976,4,2026-09-24T18:18:03.619Z
1874315,2025-12-31,17552311,31517149,v3,895c2d09d51a8682,open,SATL,Satellogic Inc.,3663,17707000,3,2026-09-20T15:24:08.889Z
1876042,2025-12-31,3292281184,4879431449,v3,1f9f0382dc836ae2,open,CRCL,"CIRCLE INTERNET GROUP, INC.",6199,2746642000,3,2026-09-20T15:24:12.124Z
1877461,2025-12-31,0,0,v3,e6845f1979eae000,open,CBDW,1606 Corp.,7372,,5,2026-09-20T15:19:24.431Z
1877939,2025-12-31,43823857,78690664,v3,aeb1af19d2f1c13d,open,CTM,"CASTELLUM, INC.",8742,52866001,5,2026-09-20T15:20:45.196Z
1878897,2025-12-31,822241684,1218629791,v3,2d04d3f0aaba99e1,open,DOUG,DOUGLAS ELLIMAN INC.,6531,1033055000,5,2026-09-20T15:23:49.049Z
1878897,2025-12-31,863502971,1181777079,v4.1,e93ecb3542c2db7e,open,DOUG,DOUGLAS ELLIMAN INC.,6531,1033055000,5,2026-09-25T02:58:27.293Z
1879403,2025-12-31,52949791,133426249,v4.1,cab1d93c759d21d5,open,LRHC,La Rosa Holdings Corp.,6531,68507806,4,2026-09-24T19:12:06.778Z
1879403,2025-12-31,52949791,133426249,v4,956e99b917a0a01e,open,LRHC,La Rosa Holdings Corp.,6531,68507806,4,2026-09-24T13:13:00.935Z
1879403,2025-12-31,63979693,114882734,v3,71ba18fab2539567,open,LRHC,La Rosa Holdings Corp.,6531,68507806,4,2026-09-20T14:27:12.728Z
1880613,2025-12-31,16378551,29409531,v3,389fbe16d72d4cd3,open,DRCT,"DIRECT DIGITAL HOLDINGS, INC.",7310,34694000,5,2026-09-20T15:24:09.979Z
1880661,2025-12-31,3155821758,11680306529,v4.1,8923f70a199664ed,open,TPG,TPG Inc.,6282,4670212000,5,2026-09-25T10:18:48.865Z
1880661,2025-12-31,4940590811,7322361861,v3,5978ddfbfae0210e,open,TPG,TPG Inc.,6282,4670212000,5,2026-09-20T15:22:57.032Z
1881487,2025-12-31,1339310698,1986324102,v2,bc4c69891241ab2a,open,ACDC,ProFrac Holding Corp.,1389,1941800000,5,2026-09-19T16:33:29.300Z
1881487,2025-12-31,1401333770,2076891883,v3,3ba105a3515160d8,open,ACDC,ProFrac Holding Corp.,1389,1941800000,5,2026-09-20T14:14:08.096Z
1881487,2025-12-31,1721022064,2448267017,v1,894140c26ae3e144,open,ACDC,ProFrac Holding Corp.,1389,1941800000,5,2026-09-19T16:25:14.272Z
1881487,2025-12-31,876089215,3384954085,v4.1,1479b322e6f08034,open,ACDC,ProFrac Holding Corp.,1389,1941800000,5,2026-09-24T19:49:09.309Z
1881551,2025-12-31,16209,29105,v3,696ea2c394e7ea09,open,STI,"SOLIDION TECHNOLOGY, INC.",3690,13350,2,2026-09-20T15:24:45.872Z
1883984,2025-12-31,0,0,v3,01cce2885409a0f9,open,ALCE,"Alternus Clean Energy, Inc.",4931,,4,2026-09-20T15:22:49.694Z
1889123,2025-12-31,31231808,56080223,v3,3c55431399857e55,open,FLD,"Fold Holdings, Inc.",6199,31793673,2,2026-09-20T15:22:48.877Z
1889539,2025-12-31,13846309414,19869033575,v3,c011949c2012b115,open,CRBG,"Corebridge Financial, Inc.",6311,18481000000,5,2026-09-20T15:22:36.556Z
1891027,2025-12-31,294278230,472979133,v3,40a03e29fc646f29,open,MNTN,"MNTN, Inc.",7310,290093000,2,2026-09-20T15:18:54.413Z
1892316,2025-06-30,2616575,4698355,v3,e8cfc7f87c71115e,void,LDDD,LONGDUODUO COMPANY LIMITED,8000,4262663,5,2026-09-20T14:14:06.482Z
1892492,2025-12-31,22321950,40081573,v3,2fb9f66afd2b6b53,open,ORBS,Eightco Holdings Inc.,6199,32981126,5,2026-09-20T15:18:16.053Z
1894954,2025-12-31,6977148,25637575,v4.1,a7c9f49eb9eafc72,open,XPON,Expion360 Inc.,3690,9651870,5,2026-09-24T19:18:51.386Z
1894954,2025-12-31,9989273,17936864,v3,70cbb883f5ddb5ad,open,XPON,Expion360 Inc.,3690,9651870,5,2026-09-21T16:12:05.957Z
1895249,2025-12-31,38415445,68979253,v3,8984d13ccc56f007,open,CNTM,"ConnectM Technology Solutions, Inc.",1700,35836809,3,2026-09-20T14:07:10.433Z
1897245,2025-12-31,545010,978627,v3,35418e91e7b8ff66,open,HWH,HWH     INTERNATIONAL INC.,5122,866926,3,2026-09-20T14:14:08.954Z
1897762,2025-12-27,43753040397,62784284437,v3,1d49677e65f4ded6,open,INGM,Ingram Micro Holding Corp,5045,52556263000,4,2026-09-20T14:14:10.999Z
1897762,2025-12-27,48652221389,58832379716,v4.1,a68f89091eb84df7,open,INGM,Ingram Micro Holding Corp,5045,52556263000,4,2026-09-25T03:33:35.386Z
1898496,2025-12-31,798868066,1283981914,v3,bd4b59f62d8cbf11,open,GETY,"GETTY IMAGES HOLDINGS, INC.",7389,981290000,5,2026-09-20T14:27:23.010Z
1898496,2025-12-31,878598310,1120278487,v4.1,ebf15dbde02bdae6,open,GETY,"GETTY IMAGES HOLDINGS, INC.",7389,981290000,5,2026-09-24T13:33:14.582Z
1898766,2025-10-31,547278,982699,v3,cc82bdc62015ad7b,open,TPET,TRIO PETROLEUM CORP,1311,398734,2,2026-09-22T14:27:36.167Z
1903382,2025-12-31,66371020,119176633,v3,9de715e868f8dfc0,open,BHM,"BLUEROCK HOMES TRUST, INC.",6798,68734000,5,2026-09-20T15:21:31.188Z
1906324,2025-12-28,1774027322,3709498420,v4.1,9760767760676375,open,QDEL,QUIDELORTHO CORP,2835,2730200000,5,2026-09-24T14:19:41.703Z
1907982,2025-12-31,25496942,105701503,v4.1,c990f14920dbf12a,open,QBTS,D-Wave Quantum Inc.,7374,24587000,5,2026-09-24T19:07:23.248Z
1907982,2025-12-31,38734111,69551453,v3,9be740f67c7041eb,open,QBTS,D-Wave Quantum Inc.,7374,24587000,5,2026-09-20T15:19:30.018Z
1910139,2025-12-27,1544917716,2560878182,v4.1,1daeaf8432155089,open,MBLY,Mobileye Global Inc.,7372,1894000000,5,2026-09-25T06:22:23.372Z
1910139,2025-12-27,1618925442,2399380634,v3,06a964aeedb0dedb,open,MBLY,Mobileye Global Inc.,7372,1894000000,5,2026-09-20T14:04:32.799Z
1911545,2025-12-31,119,214,v3,3a22a04ce927b84f,open,GITS,"Global Interactive Technologies, Inc",7370,1932,3,2026-09-20T15:19:40.216Z
1914496,2025-12-31,42281145,75920552,v3,52e3fdf102e45e3d,open,,"Sculptor Diversified Real Estate Income Trust, Inc.",6798,50418000,4,2026-09-20T15:23:52.052Z
1914605,2025-12-31,454845,816725,v3,aa0e0d2a351ed249,open,ECBK,"ECB Bancorp, Inc. /MD/",6036,598000,2,2026-09-23T14:36:57.599Z
1920406,2024-12-31,19840965,35626685,v3,8bf3fe4849147af1,void,ASST,"STRIVE, INC.",6199,3650000,4,2026-09-20T15:19:16.234Z
1921865,2025-12-31,100729688,180871485,v3,006ab8dc5e032459,open,ASPI,ASP Isotopes Inc.,2890,23849000,4,2026-09-20T15:19:26.940Z
1922446,2025-12-31,2461538923,3648203103,v3,8c43849a5a82e908,open,DEC,Diversified Energy Company,1311,1829142000,3,2026-09-20T15:20:38.243Z
1929561,2025-12-31,5306000927,7863929703,v3,7f27ee2200e521aa,open,RXO,"RXO, Inc.",4700,5742000000,5,2026-09-20T15:20:54.034Z
1932393,2025-12-31,17022071290,24426155436,v3,7b9eea2295ac7c3c,open,GEHC,GE HEALTHCARE TECHNOLOGIES INC.,3844,20625000000,5,2026-09-23T14:36:55.601Z
1932393,2025-12-31,19466197704,22310808088,v4.1,1f507e6ef94e4806,open,GEHC,GE HEALTHCARE TECHNOLOGIES INC.,3844,20625000000,5,2026-09-24T19:01:27.950Z
1934245,2025-12-31,13672764,39959867,v4.1,3092ab17b80171ea,open,NWTG,"NEWTON GOLF COMPANY, INC.",3949,8135000,4,2026-09-24T19:38:39.085Z
1934245,2025-12-31,17492258,31409316,v3,25951971ba27241a,open,NWTG,"NEWTON GOLF COMPANY, INC.",3949,8135000,4,2026-09-21T14:14:42.513Z
1937653,2025-12-31,83047951,133543129,v4.1,1e71ac1caf08ef64,open,ZYME,ZYMEWORKS INC.,2834,105965000,5,2026-09-24T14:19:37.798Z
1937891,2025-12-31,2573483,4620979,v3,2615ed067d392a96,open,AMCI,AMC Robotics Corporation,5700,5980847,2,2026-09-21T14:14:37.848Z
1937926,2025-12-31,4404098850,6527236659,v3,b9f1a74e2e78983b,open,BAM,BROOKFIELD ASSET MANAGEMENT LTD.,6282,4817000000,3,2026-09-20T15:24:10.728Z
1937987,2025-12-31,17414515,31269720,v3,cfbe35eba9b9d623,open,FBYD,"Falcon’s Beyond Global, Inc.",7990,14896000,4,2026-09-20T15:20:48.293Z
1938338,2025-12-31,19818080,35585591,v3,9badd6d246323291,open,GLTKD,GLOBALTECH CORPORATION,4813,22068599,5,2026-09-20T15:21:58.849Z
1941365,2025-12-28,2214238473,3078892321,v4.1,8d4d78bc46a1276f,open,MBC,"MasterBrand, Inc.",2511,2734700000,5,2026-09-25T14:00:22.738Z
1941536,2025-12-31,127361374,204701762,v3,a85b7c077b3d65d1,open,BAER,"BRIDGER AEROSPACE GROUP HOLDINGS, INC.",7389,122830000,4,2026-09-22T14:28:55.238Z
1941536,2025-12-31,134747315,185950628,v4.1,791b4e567276458a,open,BAER,"BRIDGER AEROSPACE GROUP HOLDINGS, INC.",7389,122830000,4,2026-09-24T19:41:00.860Z
1946563,2025-12-31,1219931,2190523,v3,d6c441f58c023161,open,SXTP,"60 DEGREES PHARMACEUTICALS, INC.",2834,1005471,4,2026-09-20T15:19:26.483Z
1946997,2025-12-31,74871476,134440156,v3,bf5aa7d7f8aa6d9b,open,,"EQT Exeter Real Estate Income Trust, Inc.",6798,36888000,3,2026-09-20T15:20:42.577Z
1948455,2026-06-30,46423039,131737271,v4.1,cb00ded7eee7b9a1,open,ISPR,Ispire Technology Inc.,2111,96014610,5,2026-09-24T19:30:19.637Z
1948455,2026-06-30,59651244,107110518,v3,abc257f1b9df068d,open,ISPR,Ispire Technology Inc.,2111,96014610,5,2026-09-20T15:21:26.167Z
1948864,2025-12-31,47097558,120777344,v2,978e8d64359b9623,open,HCWC,HEALTHY CHOICE WELLNESS CORP.,5411,78205678,3,2026-09-19T16:33:40.846Z
1948864,2025-12-31,66356111,119149861,v3,c7c5ae8ba93601d0,open,HCWC,HEALTHY CHOICE WELLNESS CORP.,5411,78205678,3,2026-09-20T14:14:30.336Z
1948864,2025-12-31,88165738,92665739,v1,21d817d371b0278b,open,HCWC,HEALTHY CHOICE WELLNESS CORP.,5411,78205678,3,2026-09-19T16:27:12.334Z
1951667,2025-12-31,1471829,2642835,v3,ed195b0ffcd79705,open,CTNT,Cheetah Net Supply Chain Service Inc.,5010,1288536,4,2026-09-20T14:27:14.539Z
1951667,2025-12-31,665101,5927722,v4.1,7f0233f77c90de0e,open,CTNT,Cheetah Net Supply Chain Service Inc.,5010,1288536,4,2026-09-24T19:16:47.323Z
1956741,2025-06-30,1964709,3527856,v3,69f7cec4e4130a8e,void,ZONE,"CleanCore Solutions, Inc.",2842,2072834,2,2026-09-20T14:20:15.451Z
1959023,2025-12-31,238946704,429055683,v3,2776e043dd516c89,open,RENX,RENX ENTERPRISES CORP.,4953,8220449,2,2026-09-20T15:20:53.208Z
1960847,2025-12-31,12082393,21695296,v3,f37e99dd11754e76,open,TOPP,TOPPOINT HOLDINGS INC.,4210,16548734,3,2026-09-20T15:21:43.416Z
1962481,2025-12-31,17116919,56670587,v4.1,71e5f30e7e97d322,open,BOF,BranchOut Food Inc.,2000,13724563,4,2026-09-25T07:41:43.572Z
1962481,2025-12-31,23282775,41806841,v3,38ea829b771047a3,open,BOF,BranchOut Food Inc.,2000,13724563,4,2026-09-20T15:22:51.001Z
1963088,2026-06-30,27182254,48808795,v3,e8bddaf05df45209,open,ATCH,"AtlasClear Holdings, Inc.",6199,20052635,2,2026-09-24T14:05:50.400Z
1963685,2025-09-30,2260148,12431061,v4.1,46ec8baba96bd27a,open,RR,RICHTECH ROBOTICS INC.,3569,5045000,4,2026-09-24T19:06:28.457Z
1963685,2025-09-30,3945326,7084276,v3,2b309312af05a302,open,RR,RICHTECH ROBOTICS INC.,3569,5045000,4,2026-09-20T14:27:02.114Z
1966394,2025-12-31,3701144509,5948670142,v3,c64948a5d8110591,open,,Fortress Net Lease REIT,6798,184346000,3,2026-09-20T15:20:25.305Z
1968487,2026-05-31,2872962926,4257967309,v3,900aa038dd6cf1f5,open,WS,"WORTHINGTON STEEL, INC.",3310,3443800000,5,2026-09-20T15:18:21.989Z
1971213,2025-12-31,2158413197,3695394467,v4.1,acb6b157457c70bc,open,SBGI,"Sinclair, Inc.",4833,3169000000,5,2026-09-24T16:23:37.019Z
1971213,2025-12-31,2298656191,3406797501,v3,f97e5c5ad7a090ba,open,SBGI,"Sinclair, Inc.",4833,3169000000,5,2026-09-20T15:22:52.181Z
1975940,2026-03-31,11936511,21433348,v3,b0c3f3af9f478f07,open,FLYE,"FLY-E GROUP, INC.",3711,19063357,4,2026-09-20T14:17:04.521Z
1979414,2025-12-31,14140,25391,v3,f719603d35416299,open,NTHI,"NEONC TECHNOLOGIES HOLDINGS, INC.",2834,39990,2,2026-09-20T15:19:47.103Z
1983736,2025-12-31,10804243,113912263,v4.1,c398e46546eebb90,open,GOAI,EVA LIVE INC.,7370,17037328,5,2026-09-24T14:20:34.675Z
1984060,2025-12-31,784462367,2018646357,v4.1,767862c2f7fbdd56,open,AESI,Atlas Energy Solutions Inc.,1311,1095310000,5,2026-09-25T14:00:14.449Z
1986395,2025-12-31,103295010,185477809,v3,c22321cb2fac68fc,open,,STARWOOD CREDIT REAL ESTATE INCOME TRUST,6798,82467000,2,2026-09-20T15:21:57.495Z
1992243,2025-12-31,152952807480,245833632509,v3,8a35d8d84a5acf19,open,TE,T1 Energy Inc.,3674,755295000,3,2026-09-20T15:18:36.710Z
1993004,2025-12-31,1340394323,1986574611,v3,d6664cd40710876c,open,NWE,"NORTHWESTERN ENERGY GROUP, INC.",4931,1610559000,5,2026-09-20T15:22:59.880Z
1993400,2026-03-31,15621457,28050084,v3,7caf4fd3032bec4e,open,FATN,Fatpipe Inc/UT,7372,19208294,3,2026-09-20T14:07:11.697Z
1995807,2025-12-31,271931204,437061841,v3,fe8fc2a63706b8d9,open,LB,LandBridge Company LLC,6792,199093000,3,2026-09-22T14:25:07.110Z
1996192,2025-06-30,14014783,25165119,v3,bd3e9fff5d174deb,void,QNME,"Quanome Technologies, Inc.",4731,17790425,3,2026-09-22T14:25:54.225Z
1996810,2025-12-31,32744358458,46987160125,v3,ac4b825c2a64c848,open,GEV,GE Vernova Inc.,3600,38068000000,4,2026-09-22T21:25:58.862Z
1996810,2025-12-31,37162903513,43216100346,v4.1,5a0e2bee339ae72c,open,GEV,GE Vernova Inc.,3600,38068000000,4,2026-09-24T15:30:22.719Z
1999784,2025-12-31,363359833,652453452,v3,f0345a3937250ea8,open,,North Haven Net REIT,6798,85213000,3,2026-09-20T15:19:26.270Z
2001184,2025-12-31,5448393560,8074967294,v3,0b88f1fb9cb37b1d,open,PACS,"PACS Group, Inc.",8051,5288932000,4,2026-09-22T14:28:14.530Z
2001184,2025-12-31,6107241833,7336094281,v4.1,6b91a4cea72f0c39,open,PACS,"PACS Group, Inc.",8051,5288932000,4,2026-09-24T19:04:08.451Z
2001557,2025-12-31,2412023,4331059,v3,06ef43cd453a93ad,open,INV,"INNVENTURE, INC.",6770,2056000,2,2026-09-20T15:23:45.881Z
200406,2025-12-28,78028345238,108868879240,v2,68882c8d1c7549fb,open,JNJ,Johnson & Johnson,2834,94193000000,5,2026-09-20T12:22:08.973Z
2006986,2025-12-31,0,0,v3,c3494ed2c210b200,open,ADGM,"ADAGIO MEDICAL HOLDINGS, INC.",3841,,2,2026-09-24T14:19:13.628Z
2007587,2025-12-31,295071258,474253729,v3,034c3a4e15166252,open,AII,"American Integrity Insurance Group, Inc.",6331,276485000,2,2026-09-20T15:22:49.468Z
2007855,2025-12-31,22253058568,31932463345,v3,50949bed24b2c09d,open,VG,"VENTURE GLOBAL, INC.",4924,13769000000,3,2026-09-20T15:22:50.796Z
2007919,2025-12-31,3506174,6295731,v3,922b97baae6d75ca,open,INBX,"INHIBRX BIOSCIENCES, INC.",2836,1300000,3,2026-09-20T15:20:52.566Z
2011514,2025-12-31,993621,1784158,v3,70ca72aaf09f49a2,open,AVR,Anteris Technologies Global Corp.,3842,1913000,2,2026-09-20T14:04:17.672Z
2012706,2025-12-31,32131055,57694924,v3,64c366abd12d30fa,open,SUNS,"SUNRISE REALTY TRUST, INC.",6798,21571434,2,2026-09-24T14:18:52.514Z
2013745,2025-12-31,3202745016,4746731485,v3,a00dd6c676479c22,open,CLMT,"Calumet, Inc. /DE",2911,4137100000,4,2026-09-20T14:27:04.711Z
2013745,2025-12-31,3526560606,4390095193,v4.1,b8b28499ab86d2fd,open,CLMT,"Calumet, Inc. /DE",2911,4137100000,4,2026-09-24T18:39:59.747Z
2014596,2025-12-31,1907305921,2826784218,v3,aa85f91b98534ea5,open,CON,"CONCENTRA GROUP HOLDINGS PARENT, INC.",8093,2163417000,4,2026-09-20T15:18:34.553Z
2014596,2025-12-31,2114625050,2596480235,v4.1,c25d2073f7c53e0b,open,CON,"CONCENTRA GROUP HOLDINGS PARENT, INC.",8093,2163417000,4,2026-09-25T14:21:27.534Z
2015845,2025-12-31,3620293305,5365572386,v3,e1a102e8656da643,open,ECG,"Everus Construction Group, Inc.",1531,3746387000,4,2026-09-20T15:19:49.800Z
2017758,2025-12-31,51369809,92240271,v3,00091daacc8dd3cf,open,LHAI,Linkhome Holdings Inc.,6531,20994347,3,2026-09-20T15:18:21.207Z
2022308,2025-12-31,1200823,2156213,v3,28cdbbd2ef2acada,open,KIDZ,KIDZ AI Inc.,8200,3366421,3,2026-09-20T14:13:59.071Z
2023554,2026-07-03,25755391230,64795290389,v4.1,929d84568b68c8ea,open,SNDK,Sandisk Corporation,3572,20248000000,4,2026-09-24T16:30:27.093Z
2023554,2026-07-03,33975005032,48753100591,v3,c9e5c4f2aba3642c,open,SNDK,Sandisk Corporation,3572,20248000000,4,2026-09-20T14:14:08.627Z
2028336,2025-12-31,930607,1671010,v3,b3f0096e0a39454b,open,NUAI,"NEW ERA ENERGY & DIGITAL, INC.",1311,885400,3,2026-09-22T14:27:25.669Z
2030763,2025-12-31,22049013,39591482,v3,a5a55356f9b68712,open,MEDS,"DataMeds AI, Inc.",5122,23337860,2,2026-09-20T14:27:01.681Z
2030954,2025-12-31,2049635,3680350,v3,8cdfa90e1d9181b0,open,XHLD,"TEN Holdings, Inc.",7389,3104000,3,2026-09-20T14:19:59.472Z
2033383,2025-12-31,4956453,8899868,v3,607d3a888536aa9c,open,FUSE,FUSEMACHINES INC.,7373,7714000,2,2026-09-20T14:14:10.200Z
2033695,2025-12-31,80852779,139119760,v3,010b1608bdd56453,open,,New Mountain Net Lease Trust,6798,111601000,2,2026-09-20T13:12:34.538Z
2033770,2025-12-31,143203181,257137418,v3,41dd7e40a4006bb3,open,DAIC,"CID HOLDCO, INC.",7373,5804369,2,2026-09-20T14:32:56.973Z
2035989,2025-12-31,9410350387,13503567066,v3,79cfaf4ea9539a59,open,AMRZ,Amrize Ltd,3241,11815000000,3,2026-09-20T14:14:12.826Z
2040127,2025-12-31,491467741,789912274,v3,06d4e374f47969e3,open,KRMN,KARMAN HOLDINGS INC.,3728,471500000,4,2026-09-20T15:20:55.173Z
2040491,2025-12-31,413089332,663938457,v3,70382f17bf980e97,open,ASIC,ATEGRITY SPECIALTY INSURANCE COMPANY HOLDINGS,6331,424339000,2,2026-09-20T15:20:46.094Z
2044725,2025-12-31,17718443,31815457,v3,bbe5ce7011aff7fc,open,EVMN,"Evommune, Inc.",2834,13000000,2,2026-09-20T15:21:28.427Z
2052959,2026-03-31,2058286241,3050549468,v3,7fcbc8e9809cecb6,open,LION,Lionsgate Studios Corp.,7812,2631800000,4,2026-09-20T15:20:28.024Z
2057381,2026-06-30,129126,231860,v3,86592c3efeb12f84,open,RADC,READVANTAGE CORP.,7374,47763,2,2026-09-24T09:32:18.711Z
2057463,2025-12-31,856447298,1269325324,v3,ba6286cf5a2329d0,open,GLIBA,Liberty Capital Corp/NV,4841,1046000000,2,2026-09-20T15:20:52.224Z
2063196,2026-01-31,737372442,1185142979,v3,dcbf8a8b1a4f90f1,open,NTSK,"Netskope, Inc.",7372,708997000,3,2026-09-20T15:23:42.716Z
2064947,2025-12-31,679663328,1092389918,v3,be9c6e5ff6707954,open,WBI,WaterBridge Infrastructure LLC,1389,525553000,3,2026-09-22T14:25:10.392Z
2067767,2025-12-31,114484149,184004823,v3,0a7b3c23203a8aef,open,NXB,NextBoat Inc.,3730,119866298,2,2026-09-20T15:22:36.101Z
2068385,2025-12-31,2916918,7480168,v3,4e4dd4011763b0b9,open,SHAZ,SHARONAI HOLDINGS INC.,7374,1566631,2,2026-09-20T12:50:49.398Z
2069785,2026-01-31,214836907,385763831,v3,68979682a67e6dcf,open,GLOO,"GLOO HOLDINGS, INC.",7374,94660000,3,2026-09-20T15:23:49.009Z
2074176,2025-12-31,1618661026,2398988747,v3,bec55bc904ee1a9e,open,VNOM,"Viper Energy, Inc.",1311,1395000000,3,2026-09-20T13:58:00.014Z
2077709,2025-12-31,10958313,28101584,v2,7632e175694b0df5,open,ROC,RANK ONE COMPUTING CORPORATION,7372,16979679,2,2026-09-19T16:33:49.220Z
2077709,2025-12-31,15439252,27722913,v3,72f035cfb6007781,open,ROC,RANK ONE COMPUTING CORPORATION,7372,16979679,2,2026-09-20T14:07:01.849Z
2077709,2025-12-31,21037269,21037269,v1,29b8e65b4dbed7b9,open,ROC,RANK ONE COMPUTING CORPORATION,7372,16979679,2,2026-09-19T16:27:34.362Z
2078416,2025-12-31,337966782,543197625,v3,ceeca7514399bdfd,open,LLYVA,"Liberty Live Holdings, Inc.",7900,381951000,2,2026-09-20T15:24:51.926Z
2079999,2025-12-31,504138833,810277907,v3,4515ea35145475c6,open,CDNL,Cardinal Infrastructure Group Inc,1600,456045369,3,2026-09-20T14:32:56.105Z
2080126,2026-06-30,2129317227,3155823230,v3,503c16cbbc8878b3,open,FPS,"Forgent Power Solutions, Inc.",3620,1420059000,2,2026-09-20T15:20:56.499Z
2081043,2025-12-31,39840097,71537376,v3,498c1a33f60dbf28,open,,AtaiBeckley Inc.,2834,4089000,2,2026-09-20T14:07:00.953Z
2082247,2026-05-31,6837703160,10134038369,v3,9a82d30dabe47c3c,open,FDXF,"FedEx Freight Holding Company, Inc.",4513,8795000000,3,2026-09-20T15:21:30.040Z
2083785,2026-04-30,9023920365,12949051718,v3,e1f7ba9e3e169687,open,SUNB,"Sunbelt Rentals Holdings, Inc.",7359,11154000000,3,2026-09-20T15:20:34.395Z
21344,2025-12-31,38571297951,53816519701,v2,6a48a6447e91af2d,open,KO,COCA COLA CO,2080,47941000000,5,2026-09-19T16:33:59.840Z
21344,2025-12-31,38945776572,55886006816,v3,19fe98f0aec55be0,open,KO,COCA COLA CO,2080,47941000000,5,2026-09-20T12:34:09.796Z
21344,2025-12-31,43298521530,52583547347,v4,74fd5a2b6eb55f0e,open,KO,COCA COLA CO,2080,47941000000,5,2026-09-24T13:13:15.734Z
21344,2025-12-31,44239233844,51360379879,v4.1,431e45353f156018,open,KO,COCA COLA CO,2080,47941000000,5,2026-09-24T13:20:23.457Z
21344,2025-12-31,48837455239,50592069110,v1,0e96292d82e077dc,open,KO,COCA COLA CO,2080,47941000000,5,2026-09-19T16:24:08.585Z
2143673,2026-04-30,1407819924,2262720714,v3,19179341c8168e16,open,UROY,Uranium Royalty Corp.,6221,186807000,3,2026-09-20T15:21:56.852Z
22701,2025-12-31,69707475,125167611,v3,d2609ad5967ee5c9,open,SUNE,"SUNATION ENERGY, INC.",1700,71905527,5,2026-09-20T15:18:29.292Z
230557,2025-12-31,4759014417,7053250714,v3,37875686bd8a1afd,open,SIGI,"SELECTIVE INSURANCE GROUP, INC",6331,5336928000,5,2026-09-20T14:04:08.776Z
24741,2025-12-31,13737712928,19713200915,v3,525b2ed09a13c819,open,GLW,CORNING INC /NY,3357,15629000000,5,2026-09-20T15:18:25.478Z
2488,2025-12-27,33620584675,46909047755,v3,2729c78bbb450457,open,AMD,ADVANCED MICRO DEVICES INC,3674,34639000000,5,2026-09-20T12:52:50.275Z
2488,2025-12-27,34372045314,49719531431,v4.1,7cc3d79bb97d9ab0,open,AMD,ADVANCED MICRO DEVICES INC,3674,34639000000,5,2026-09-24T14:30:40.053Z
2488,2025-12-27,34901428434,49376459687,v4,70d6a168d939651a,open,AMD,ADVANCED MICRO DEVICES INC,3674,34639000000,5,2026-09-24T12:59:46.964Z
25232,2025-12-31,882855746,1418971241,v3,7113dea5f163a2d7,open,CUZ,COUSINS PROPERTIES INC,6798,993816000,5,2026-09-20T15:18:19.851Z
26324,2025-12-31,3103583511,4599765981,v3,ec6bb9c8ad81b147,open,CW,CURTISS-WRIGHT CORPORATION,3590,3498372000,5,2026-09-23T14:34:47.135Z
26324,2025-12-31,3466795303,4193466829,v4.1,b8893a648f6f9cf9,open,CW,CURTISS-WRIGHT CORPORATION,3590,3498372000,5,2026-09-24T15:09:37.383Z
27673,2025-11-02,4329073121,6416042359,v3,0bd5bb684077f70e,open,,DEERE JOHN CAPITAL CORP,6153,4935100000,5,2026-09-20T15:18:23.104Z
278165,2025-12-31,19751827,35466626,v3,108503664c3d380e,open,OMQS,OMNIQ Corp.,7373,32950000,5,2026-09-20T15:21:41.952Z
29534,2026-01-30,35343978281,50717535636,v3,9f850ca0f9338e36,open,DG,DOLLAR GENERAL CORP,5331,42724369000,5,2026-09-20T15:18:32.050Z
29534,2026-01-30,40393151472,46352213010,v4.1,9c9724675242c8d9,open,DG,DOLLAR GENERAL CORP,5331,42724369000,5,2026-09-24T19:38:36.867Z
310142,2025-12-31,1329747226,1970794739,v3,01bcc485a38aa0b7,open,SXT,Sensient Technologies Corp,2860,1612111000,5,2026-09-20T15:20:55.144Z
310142,2025-12-31,1498471762,1780985891,v4.1,b241be1edbae3360,open,SXT,Sensient Technologies Corp,2860,1612111000,5,2026-09-25T15:01:11.962Z
310354,2026-06-30,770821983,1238904805,v3,4ba4566ad6316598,open,SXI,STANDEX INTERNATIONAL CORPORATION,3580,891597000,5,2026-09-20T14:14:17.913Z
310354,2026-06-30,834368916,1098990359,v4.1,e05ac48607ce2df5,open,SXI,STANDEX INTERNATIONAL CORPORATION,3580,891597000,5,2026-09-24T18:41:29.967Z
312257,2025-12-31,38983989,82835872,v4.1,97d153ca998293d3,open,IVFH,"INNOVATIVE FOOD HOLDINGS, INC.",5141,60678166,5,2026-09-24T19:01:53.876Z
312257,2025-12-31,43125814,77437249,v3,d4e6785ccc9bd1b9,open,IVFH,"INNOVATIVE FOOD HOLDINGS, INC.",5141,60678166,5,2026-09-21T14:14:32.289Z
313616,2025-12-31,19254532827,26864845112,v2,ab7e2a5a3e4f0bcc,open,DHR,DANAHER CORPORATION,3823,24568000000,5,2026-09-20T12:26:59.476Z
314227,2025-12-31,3321106,5963420,v3,19e43aec81421298,open,TOMZ,"TOMI ENVIRONMENTAL SOLUTIONS, INC.",2860,5635927,5,2026-09-20T15:19:17.386Z
315293,2025-12-31,14984996679,21503015224,v3,5f82c8449fa03482,open,AON,Aon plc,6411,17181000000,5,2026-09-20T15:18:15.808Z
315293,2025-12-31,16850997380,19944278509,v4.1,9c2a8d26a766b1f7,open,AON,Aon plc,6411,17181000000,5,2026-09-24T19:02:43.880Z
315374,2025-10-31,130270949,209378182,v3,e1e58ac531b750ca,open,HURC,"HURCO COMPANIES, INC.",3823,178554000,5,2026-09-20T15:20:25.184Z
315958,2025-12-31,14087313,28988817,v4.1,e46ca03520d22faa,open,CRMZ,"CreditRiskMonitor.com, Inc.",7320,20123616,5,2026-09-24T14:39:22.451Z
315958,2025-12-31,15168281,27236354,v3,4d86219f0d8c9794,open,CRMZ,"CreditRiskMonitor.com, Inc.",7320,20123616,5,2026-09-21T14:14:32.379Z
31667,2026-02-28,11007452,19765119,v3,edac6b3b84163c1c,open,EDUC,EDUCATIONAL DEVELOPMENT CORPORATION,5190,22913600,5,2026-09-20T15:19:15.682Z
317788,2026-03-31,336684593,1020508887,v4.1,7207cbb24abb6df8,open,APPS,"Digital Turbine, Inc",6794,565251000,5,2026-09-25T03:07:28.775Z
317788,2026-03-31,467988667,752175497,v3,fd4395e3a344c746,open,APPS,"Digital Turbine, Inc",6794,565251000,5,2026-09-20T15:22:03.745Z
318306,2025-12-31,6214847,11159457,v3,11fbad563de42bd7,open,ABEO,ABEONA THERAPEUTICS INC.,2834,5820000,5,2026-09-20T15:20:48.816Z
319201,2026-06-30,11842669202,16993870710,v3,1e1229458ec9a7b2,open,KLAC,KLA Corporation,3827,13579476000,5,2026-09-23T14:34:52.639Z
319201,2026-06-30,12445380025,16766375636,v4.1,53ab4a004c4292b1,open,KLAC,KLA Corporation,3827,13579476000,5,2026-09-24T17:30:37.054Z
320017,2025-12-31,45086,80956,v3,28cfba6d9b62bd97,open,LSTA,"LISATA THERAPEUTICS, INC.",2834,170000,5,2026-09-20T14:04:01.556Z
320187,2026-05-31,36114083904,51822613821,v3,3f0b84c3c165e3bf,open,NKE,"NIKE, Inc.",3021,46398000000,5,2026-09-20T14:07:12.095Z
320187,2026-05-31,40139760938,48580704169,v4.1,0e17e6e7ac2c4442,open,NKE,"NIKE, Inc.",3021,46398000000,5,2026-09-24T23:14:58.299Z
320193,2025-09-27,339189408734,473253285922,v2,edfdf4ea25e1e980,open,AAPL,Apple Inc.,3571,416161000000,5,2026-09-19T16:33:57.117Z
320193,2025-09-27,339189408734,473253285922,v3,94e9dc9e4d6f6dc5,open,AAPL,Apple Inc.,3571,416161000000,5,2026-09-20T13:01:34.975Z
320193,2025-09-27,429775460338,442901474091,v1,21d36677a8c6619c,open,AAPL,Apple Inc.,3571,416161000000,5,2026-09-19T16:24:01.737Z
33533,2025-06-30,36206561,65012953,v3,693cd0e6be3e1909,void,ESP,ESPEY MFG. & ELECTRONICS CORP.,3679,43950872,5,2026-09-20T15:18:21.862Z
33533,2026-06-30,32668309,71330937,v4.1,b547500c44642a3d,open,ESP,ESPEY MFG. & ELECTRONICS CORP.,3679,46124325,5,2026-09-24T16:30:30.475Z
33533,2026-06-30,36215076,65028243,v3,107f507ca8bbac25,open,ESP,ESPEY MFG. & ELECTRONICS CORP.,3679,46124325,5,2026-09-24T09:38:26.697Z
34285,2025-12-31,12015506,27533752,v4.1,8ec5b543379e06ec,open,RLBY,RELIABILITY INCORPORATED,7363,20717000,5,2026-09-25T05:27:31.399Z
34285,2025-12-31,13639917,24492005,v3,39b2e744a46c4209,open,RLBY,RELIABILITY INCORPORATED,7363,20717000,5,2026-09-20T15:18:27.388Z
350698,2025-12-31,22279680199,31970664576,v3,66b4b641866067ae,open,AN,"AUTONATION, INC.",5500,27631400000,5,2026-09-20T15:19:17.007Z
353184,2026-03-31,286183946,459969583,v3,74e79e6b99a961cb,open,AIRT,"Air T, Inc.",4513,327090000,5,2026-09-20T15:20:55.999Z
353184,2026-03-31,292534714,433067775,v4.1,b65da57178f1dd59,open,AIRT,"Air T, Inc.",4513,327090000,5,2026-09-25T12:53:35.510Z
3545,2025-09-30,27930771,50152842,v3,58517a3d8e22381a,open,ALCO,"ALICO, INC.",100,44066000,5,2026-09-20T15:18:14.270Z
354707,2025-12-31,2357918796,3494629555,v3,2ef90a004976e87a,open,HE,"HAWAIIAN ELECTRIC INDUSTRIES, INC.",4911,3086896000,5,2026-09-20T15:20:45.739Z
36840,2025-10-31,21526544,38653330,v3,a324e31d2c9297ef,open,FREVS,"FIRST REAL ESTATE     INVESTMENT TRUST OF NEW JERSEY, INC.",6798,29317000,5,2026-09-20T15:18:26.436Z
37472,2026-06-30,368323388,605002149,v4.1,c307e8569a851303,open,FLXS,"FLEXSTEEL INDUSTRIES, INC.",2510,459178000,5,2026-09-24T15:38:36.947Z
37472,2026-06-30,379164204,609412244,v3,d21aae976fe55d2a,open,FLXS,"FLEXSTEEL INDUSTRIES, INC.",2510,459178000,5,2026-09-20T14:10:56.357Z
37785,2025-12-31,2280967042,3462253083,v4.1,c1b4d77747132590,open,FMC,FMC CORPORATION,2800,3467400000,5,2026-09-24T14:19:05.856Z
38264,2025-09-30,9309918,16717005,v3,911d4274622230dc,open,FWDI,"FORWARD INDUSTRIES, INC.",6199,18187525,5,2026-09-20T15:18:27.106Z
38723,2024-12-31,320828765,515652521,v3,17c5ac712adbea5d,void,,1st FRANKLIN FINANCIAL CORPORATION,6141,378000000,5,2026-09-20T15:18:35.451Z
38725,2025-12-31,1752996419,2598084847,v3,ed394e5a35d02ad8,open,FELE,"FRANKLIN ELECTRIC CO., INC.",3621,2131250000,5,2026-09-20T14:04:00.531Z
38725,2025-12-31,1877847522,2469982254,v4.1,55e5efc2ab11ae71,open,FELE,"FRANKLIN ELECTRIC CO., INC.",3621,2131250000,5,2026-09-24T18:53:22.688Z
39020,2026-04-30,40470403,97855174,v4.1,b52c2b9af08c0508,open,FEIM,"FREQUENCY ELECTRONICS, INC.",3825,63227000,5,2026-09-24T16:22:43.766Z
39020,2026-04-30,47866774,85950177,v3,208542b8c26971e2,open,FEIM,"FREQUENCY ELECTRONICS, INC.",3825,63227000,5,2026-09-20T14:04:01.619Z
39092,2025-03-31,354324687,569488893,v3,27689d30f7d8b2d9,void,FRD,FRIEDMAN INDUSTRIES INC,3310,444600000,5,2026-09-20T14:14:07.755Z
39911,2026-01-31,12225415620,17543100198,v3,8f54cde43a2b9d52,open,GAP,"GAP, INC",5651,15366000000,5,2026-09-20T14:26:59.336Z
39911,2026-01-31,13254852066,16822501600,v4.1,3019660007751e1e,open,GAP,"GAP, INC",5651,15366000000,5,2026-09-24T20:42:43.217Z
40545,2025-12-31,34453036833,76414032012,v4.1,374b7182a9753e57,open,GE,GENERAL ELECTRIC CO,3600,45855000000,5,2026-09-24T13:38:28.342Z
40545,2025-12-31,39254757219,68610282020,v4,5a460a1125966e47,open,GE,GENERAL ELECTRIC CO,3600,45855000000,5,2026-09-24T12:37:59.937Z
40545,2025-12-31,42549792209,61057659823,v3,46be151bf31dbab1,open,GE,GENERAL ELECTRIC CO,3600,45855000000,5,2026-09-20T15:18:20.904Z
40570,2025-09-30,61565469,110547725,v3,773ae3d010db9b16,open,JOB,GEE GROUP INC.,7361,96504000,5,2026-09-20T15:18:27.035Z
40704,2026-05-31,13958449047,20029950543,v3,ec12eb4b56c0d791,open,GIS,"General Mills, Inc.",2040,18424600000,5,2026-09-21T08:04:21.255Z
40704,2026-05-31,15821826495,18443839536,v4.1,4487f10a3c0e7abe,open,GIS,"GENERAL MILLS, INC.",2040,18424600000,5,2026-09-25T16:30:36.662Z
40729,2025-12-31,6125974655,9079198197,v3,8f8e405f84e9739a,open,ALLY,Ally Financial Inc.,6022,7914000000,5,2026-09-20T15:18:28.300Z
40987,2025-12-31,19848753814,28482359028,v3,7ccaad56e3c5dc76,open,GPC,GENUINE PARTS CO,5013,24300141000,5,2026-09-20T14:07:01.018Z
40987,2025-12-31,22213640355,26533499628,v4.1,f0c7143a7e095c54,open,GPC,GENUINE PARTS CO,5013,24300141000,5,2026-09-25T09:37:56.131Z
4127,2025-10-03,3063007575,4539629106,v3,66fa156cd06ae5e2,open,SWKS,"SKYWORKS SOLUTIONS, INC.",3674,4086900000,5,2026-09-20T15:18:28.718Z
45012,2025-12-31,17507511684,25122747662,v3,25ab709daf773a69,open,HAL,HALLIBURTON COMPANY,1389,22184000000,5,2026-09-20T15:18:26.077Z
45919,2025-12-31,111985032,179988112,v3,03318750769c64d0,open,HHS,"HARTE HANKS, INC.",7331,159570000,5,2026-09-20T15:18:29.169Z
46765,2025-09-30,3614371022,6167332663,v4.1,66df843e6a8de7a2,open,HP,"HELMERICH & PAYNE, INC.",1381,3746013000,5,2026-09-24T21:05:16.075Z
46765,2025-09-30,3842746439,5695266224,v3,41c29f03a68b798b,open,HP,"HELMERICH & PAYNE, INC.",1381,3746013000,5,2026-09-20T15:21:28.198Z
47111,2025-12-31,9625110493,13811741298,v3,d0466bef57225f19,open,HSY,HERSHEY CO,2060,11692576000,5,2026-09-20T15:18:31.771Z
47129,2015-12-31,8356536637,11991376333,v3,1a323e3410740236,void,,"HERTZ GLOBAL HOLDINGS, INC.",7510,10535000000,5,2026-09-20T14:07:02.953Z
48732,2017-12-31,2381393092,3529420391,v3,57fa4db2cb98f492,void,,CENTERPOINT ENERGY HOUSTON ELECTRIC LLC,4911,2998000000,5,2026-09-23T14:34:47.340Z
49196,2025-12-31,1318212364,1953699124,v3,2059a503403eee9d,open,HBAN,Huntington Bancshares Incorporated,6021,1562000000,5,2026-09-20T15:18:26.574Z
49196,2025-12-31,1460906908,1795254683,v4.1,c6d9cbb50ef7c8c3,open,HBAN,Huntington Bancshares Incorporated,6021,1562000000,5,2026-09-25T15:50:32.934Z
4962,2025-12-31,34745631123,49858925632,v3,0e4e4a046aaaf3aa,open,AXP,AMERICAN EXPRESS CO,6199,41304000000,5,2026-09-20T15:18:27.698Z
49754,2025-12-28,728772043,1171319974,v3,c03a60ae1b8134d3,open,DIN,"Dine Brands Global, Inc.",5812,879300000,5,2026-09-20T15:18:23.019Z
50292,2026-03-31,23490777,42180333,v3,ad5d2905847c8e4d,open,IEHC,IEH Corporation,3678,29417600,5,2026-09-20T15:23:43.230Z
5272,2025-12-31,19322932758,32304953642,v4.1,40bf1b301cef5622,open,AIG,"AMERICAN INTERNATIONAL GROUP, INC.",6331,26775000000,5,2026-09-24T14:21:04.107Z
5272,2025-12-31,20387020043,28444945440,v2,ffe00b05cc5eb0c9,open,AIG,"AMERICAN INTERNATIONAL GROUP, INC.",6331,26775000000,5,2026-09-19T16:58:08.888Z
5272,2025-12-31,20429825569,30963832585,v4,6d97d201f220abae,open,AIG,"AMERICAN INTERNATIONAL GROUP, INC.",6331,26775000000,5,2026-09-24T13:15:17.202Z
5272,2025-12-31,20584952276,29538781467,v3,d1ec491f7e84677b,open,AIG,"AMERICAN INTERNATIONAL GROUP, INC.",6331,26775000000,5,2026-09-20T13:54:55.689Z
54507,2017-12-31,2044239282,3029730721,v3,b7f1aa39a85fc3ad,void,,"EVERGY KANSAS CENTRAL, INC.",4931,2571003000,5,2026-09-20T15:18:37.159Z
55234,2025-12-31,1333321,2394128,v3,4151618e5ef9a740,open,GAMG,"GLOBAL ASSET MANAGEMENT GROUP, INC.",7990,95309,5,2026-09-20T14:01:15.202Z
55529,2026-04-30,251336234,403960545,v3,18c1298a3673963a,open,KEQU,KEWAUNEE SCIENTIFIC CORPORATION,3821,281999000,5,2026-09-20T15:18:33.049Z
56679,2026-04-30,2422333332,3590097195,v3,5af53bb94ba58924,open,KFY,KORN FERRY,7361,2938641000,5,2026-09-20T15:18:50.539Z
56701,2026-06-30,8536891,19584727,v4.1,347a095218c82f8c,open,KOSS,Koss Corporation,3651,13020773,5,2026-09-24T17:26:31.376Z
56701,2026-06-30,9696442,17411052,v3,36e8ba99c81d0aaa,open,KOSS,Koss Corporation,3651,13020773,5,2026-09-20T14:14:13.180Z
56873,2026-01-31,116821146404,167634797888,v3,d4907a2487d9e6d5,open,KR,Kroger Co.,5411,147642000000,5,2026-09-20T15:18:29.861Z
56873,2026-01-31,133393392782,153328412179,v4.1,70177637d6adaf9f,open,KR,Kroger Co.,5411,147642000000,5,2026-09-24T16:23:20.230Z
58361,2025-09-28,358463630,616792334,v3,f7f6c6c7fc581394,open,LEE,"LEE ENTERPRISES, INC",2711,562341000,5,2026-09-20T13:08:04.611Z
58361,2025-09-28,438587234,570734468,v4.1,1ae80fd3e80ee2ab,open,LEE,"LEE ENTERPRISES, INC",2711,562341000,5,2026-09-24T19:00:24.396Z
60667,2026-01-30,67953507411,97511219769,v3,6f42aaa5eb6aedc3,open,LOW,LOWES COMPANIES INC,5211,86286000000,5,2026-09-20T15:18:32.715Z
60667,2026-01-30,75603868105,91327848491,v4.1,5c65ea21c5cb2078,open,LOW,LOWES COMPANIES INC,5211,86286000000,5,2026-09-25T05:27:35.809Z
60714,2025-12-31,499348882,802579250,v3,6a90c66c76a345fc,open,LXU,"LSB Industries, Inc.",2810,615208000,5,2026-09-20T15:18:27.561Z
6207,2026-04-30,28444363,98671751,v4.1,1da4d565785f5cfd,open,AXR,AMREP CORP.,6552,52847000,5,2026-09-25T01:53:37.616Z
6207,2026-04-30,40553607,72818564,v3,8cefcc2b522a16ca,open,AXR,AMREP CORP.,6552,52847000,5,2026-09-20T14:27:07.867Z
6281,2025-11-01,12205328216,12881289912,v1,e3928b80dd011908,open,ADI,ANALOG DEVICES INC,3674,11019707000,5,2026-09-19T16:26:51.545Z
6281,2025-11-01,8272401284,15398982234,v4.1,49a1050f5ffd36c6,open,ADI,ANALOG DEVICES INC,3674,11019707000,5,2026-09-24T18:51:10.114Z
6281,2025-11-01,9232427250,12881524070,v2,1cb3c3353063e805,open,ADI,ANALOG DEVICES INC,3674,11019707000,5,2026-09-19T16:33:30.371Z
6281,2025-11-01,9322062466,13376876579,v3,ebb6c7dff97ad6b8,open,ADI,ANALOG DEVICES INC,3674,11019707000,5,2026-09-20T14:14:03.134Z
63296,2025-09-30,1060815362,1572215601,v3,aa8202a102980e1f,open,MATW,MATTHEWS INTERNATIONAL CORP,3360,1497689000,5,2026-09-20T15:18:19.805Z
63754,2025-11-30,5555466427,8233658089,v3,963ac8c579b93cd9,open,MKC,"McCORMICK & COMPANY, INCORPORATED",2090,6840300000,5,2026-09-20T15:18:20.565Z
63754,2025-11-30,6265012092,7435149177,v4.1,63dbebf3632bde47,open,MKC,"McCORMICK & COMPANY, INCORPORATED",2090,6840300000,5,2026-09-25T08:17:15.527Z
64463,2025-12-31,19574655,35148494,v3,8198adee0bfedcbf,open,SLNH,"SOLUNA HOLDINGS, INC.",6199,29717000,5,2026-09-20T15:18:22.681Z
65270,2026-05-02,745594441,1105786888,v2,7c3d5190cf9bb6a3,open,MEI,METHODE ELECTRONICS INC,3678,1019200000,5,2026-09-19T16:33:42.735Z
65270,2026-05-02,780122693,1156205983,v3,ceb9f96bedee2faa,open,MEI,METHODE ELECTRONICS INC,3678,1019200000,5,2026-09-20T14:14:08.259Z
65270,2026-05-02,868207808,1057981867,v4.1,3a65517edeed644a,open,MEI,METHODE ELECTRONICS INC,3678,1019200000,5,2026-09-24T15:48:27.055Z
65270,2026-05-02,986036536,991096880,v1,fe3b24be519c4f71,open,MEI,METHODE ELECTRONICS INC,3678,1019200000,5,2026-09-19T16:27:18.624Z
65312,2026-06-30,392038839,630105020,v3,be8dc037fae1ccc5,open,EVI,"EVI INDUSTRIES, INC.",7200,446570000,5,2026-09-20T15:19:15.514Z
65312,2026-06-30,412054063,576316483,v4.1,37b15681e8933733,open,EVI,"EVI INDUSTRIES, INC.",7200,446570000,5,2026-09-24T20:30:25.140Z
65984,2025-12-31,10589252119,15195255255,v3,0307cd6bcf368f49,open,ETR,ENTERGY CORP /DE/,4911,12946686000,5,2026-09-20T15:18:34.632Z
66382,2026-05-30,2907224218,4975782310,v4.1,0cc5c6a907e61799,open,MLKN,"MillerKnoll, Inc.",2520,3841700000,5,2026-09-24T18:17:36.428Z
66382,2026-05-30,3095610473,4587949283,v3,3004180631f71775,open,MLKN,"MillerKnoll, Inc.",2520,3841700000,5,2026-09-20T14:10:56.352Z
66418,2026-03-31,2760990,12248304,v4.1,90063a733f923a77,open,MXC,MEXCO ENERGY CORPORATION,1311,6561324,5,2026-09-25T05:27:23.725Z
66418,2026-03-31,4336388,7786472,v3,dd2dfe7d596e37ef,open,MXC,MEXCO ENERGY CORPORATION,1311,6561324,5,2026-09-20T14:01:30.687Z
66740,2025-12-31,19524189687,27241083261,v2,68d69af71f5892f8,open,MMM,3M CO,3841,24948000000,5,2026-09-20T12:21:12.662Z
66740,2025-12-31,19713744927,28288625375,v3,48ebb84bfa696ec3,open,MMM,3M CO,3841,24948000000,5,2026-09-20T12:40:18.843Z
67347,2026-03-31,2967377840,4397897976,v3,4ff89572fddb881c,open,MOD,MODINE MANUFACTURING CO,3714,3181100000,5,2026-09-20T15:18:24.973Z
6845,2026-02-28,1256962780,1534460972,v4.1,f30dbeb052df11f1,open,APOG,"Apogee Enterprises, Inc.",3231,1404733000,5,2026-09-24T14:18:45.194Z
68505,2025-12-31,10001269202,14351517623,v3,46762516fab9230e,open,MSI,"Motorola Solutions, Inc.",3663,11682000000,5,2026-09-20T15:19:14.320Z
69891,2026-05-02,1052948812,1244480228,v4.1,bfab0073dc6b86d2,open,FIZZ,National Beverage Corp.,2086,1180552000,5,2026-09-24T19:52:50.972Z
69891,2026-05-02,931778722,1380972688,v3,a5e8de02ed0f22d7,open,FIZZ,National Beverage Corp.,2086,1180552000,5,2026-09-20T14:14:13.715Z
700923,2025-12-31,3134907773,4646191113,v3,44a3e8d7d641568e,open,MYRG,MYR GROUP INC.,1623,3657889000,5,2026-09-20T14:14:08.855Z
700923,2025-12-31,3281211868,4520818674,v4.1,ace0b0420aaec55b,open,MYRG,MYR GROUP INC.,1623,3657889000,5,2026-09-24T13:21:14.375Z
701985,2026-01-31,6155253007,8128246806,v4.1,6b5dea489a50ee25,open,BBWI,"BATH & BODY WORKS, INC.",5990,7291000000,5,2026-09-24T14:18:45.443Z
70318,2025-12-31,17403868832,24974023316,v3,6bbb5689eb3b309d,open,THC,TENET HEALTHCARE CORP,8062,21310000000,5,2026-09-20T15:20:35.224Z
70318,2025-12-31,19797889356,22921485204,v4.1,b2b6fbc6c5989d0a,open,THC,TENET HEALTHCARE CORP,8062,21310000000,5,2026-09-24T14:05:54.606Z
703351,2026-06-24,5077337403,7525031556,v3,17d82ee9a26f5d89,open,EAT,"BRINKER INTERNATIONAL, INC.",5812,5807400000,5,2026-09-20T15:21:32.695Z
703351,2026-06-24,5646158589,6891208608,v4.1,db92d24b8a17f494,open,EAT,"BRINKER INTERNATIONAL, INC.",5812,5807400000,5,2026-09-24T23:30:21.300Z
707549,2026-06-28,22087467482,31562123850,v4.1,33e3d3cd523591c6,open,LRCX,LAM RESEARCH CORPORATION,3559,23232690000,5,2026-09-25T13:58:31.848Z
709005,2025-12-31,12871933,23113004,v3,296a34573d5d361d,open,NROM,"NOBLE ROMAN’S, INC.",5812,16461459,5,2026-09-20T15:20:42.277Z
709283,2026-03-31,208609532,335287988,v3,4b0f1577cda9a6c8,open,QMCO,QUANTUM CORP /DE/,3572,279581000,5,2026-09-20T15:18:30.115Z
709337,2025-12-31,241144456,387579794,v3,775973d46e7e7125,open,FMNB,FARMERS NATIONAL BANC CORP /OH/,6022,279922000,4,2026-09-21T14:14:30.023Z
709337,2025-12-31,243961059,368856197,v4.1,9d93e3dded151699,open,FMNB,FARMERS NATIONAL BANC CORP /OH/,6022,279922000,4,2026-09-24T13:33:12.868Z
711404,2025-10-31,3456532380,5122865229,v3,14304b93d51d5d69,open,COO,"The Cooper Companies, Inc.",3851,4092400000,5,2026-09-20T15:19:26.569Z
714395,2025-12-31,496671810,798276522,v3,49c363ff2fe649b5,open,GABC,"German American Bancorp, Inc.",6022,487401000,4,2026-09-20T15:18:23.837Z
716634,2025-12-31,157233341,252713526,v3,fc160780f3a5158a,open,RDIB,"READING INTERNATIONAL, INC.",7830,202988000,5,2026-09-20T15:18:25.879Z
716643,2026-06-30,161961640,278680150,v2,79b3a2423c8c977d,open,RGS,Regis Corporation,7200,224485000,5,2026-09-19T16:33:48.605Z
716643,2026-06-30,175425761,292722878,v4.1,b7ff76ce8934be67,open,RGS,Regis Corporation,7200,224485000,5,2026-09-24T13:32:37.159Z
716643,2026-06-30,181987667,292499954,v3,c9fb2c7b8f76aad6,open,RGS,Regis Corporation,7200,224485000,5,2026-09-20T14:04:01.095Z
716643,2026-06-30,213191493,239816095,v1,89404f29d35ccb22,open,RGS,Regis Corporation,7200,224485000,5,2026-09-19T16:27:32.680Z
71691,2025-12-31,2428704551,3599539864,v3,1c3842a1f6b8a5aa,open,NYT,THE NEW YORK TIMES COMPANY,2711,2824918000,5,2026-09-20T14:07:20.254Z
71691,2025-12-31,2734011993,3256268829,v4.1,438d844cec3c2ede,open,NYT,THE NEW YORK TIMES COMPANY,2711,2824918000,5,2026-09-25T15:01:19.704Z
717423,2025-12-31,1904352873,2822407559,v3,636d9cbe76315ddb,open,MUR,MURPHY OIL CORPORATION,1311,2718823000,5,2026-09-20T15:19:29.175Z
717954,2025-08-30,2001471648,2966345570,v3,969199d1cb9ce1d6,open,UNF,UNIFIRST CORPORATION,7200,2432352000,5,2026-09-20T14:11:01.770Z
717954,2025-08-30,2230057115,2711180917,v4.1,7a4f613cb994eb42,open,UNF,UNIFIRST CORPORATION,7200,2432352000,5,2026-09-24T20:41:34.388Z
71829,2025-12-31,154806008,703591622,v4.1,fdfad82656991efd,open,NPKI,NPK International Inc.,7350,277043000,5,2026-09-24T23:06:23.810Z
71829,2025-12-31,262444679,421814610,v3,c801c7e2efd6538f,open,NPKI,NPK International Inc.,7350,277043000,5,2026-09-20T15:18:23.178Z
718937,2026-01-02,154391741,278736189,v4.1,13d698ef95dcf816,open,STAA,STAAR Surgical Co,3851,239442000,5,2026-09-25T13:43:25.025Z
718937,2026-01-02,166471142,267560996,v3,65058df9136ee23d,open,STAA,STAAR Surgical Co,3851,239442000,5,2026-09-20T14:04:36.521Z
719413,2025-12-31,1468964560,2553724645,v4.1,1a7f1c77e3e0c8fb,open,HL,HECLA MINING CO/DE/,1400,1423019000,5,2026-09-24T19:25:14.928Z
719413,2025-12-31,1576403588,2336359750,v3,3740a9730c34bcec,open,HL,HECLA MINING CO/DE/,1400,1423019000,5,2026-09-20T15:21:38.458Z
719733,2026-06-27,261854637,391368861,v4.1,13d7746850a6ab99,open,KTCC,KEY TRONIC CORP,3672,386667000,5,2026-09-25T13:58:30.800Z
720762,2017-07-31,2276,4087,v3,597619e82331005a,void,NIMU,NON INVASIVE MONITORING SYSTEMS INC /FL/,3760,6000,5,2026-09-23T14:34:48.350Z
721371,2026-06-30,222734248518,319616883438,v3,f3288c4f4fcb0200,open,CAH,"Cardinal Health, Inc.",5122,254248000000,5,2026-09-22T14:25:08.311Z
721371,2026-06-30,249770637431,297205340354,v4.1,2514c330b9f72f27,open,CAH,"Cardinal Health, Inc.",5122,254248000000,5,2026-09-24T13:38:28.392Z
721371,2026-06-30,253569758572,294019712291,v4,431af4216c3d47f7,open,CAH,"Cardinal Health, Inc.",5122,254248000000,5,2026-09-24T12:38:00.121Z
72205,2025-11-01,39068535,70151950,v3,b1bbe4d4735224e9,open,NOBH,"NOBILITY HOMES, INC.",2451,52667970,5,2026-09-20T15:18:23.142Z
723125,2025-08-28,27086869483,75701397784,v4.1,d0553309621d1914,open,MU,"Micron Technology, Inc.",3674,37378000000,5,2026-09-24T13:29:38.307Z
723125,2025-08-28,37388458684,52166165782,v3,05c77f73d8046e29,open,MU,"Micron Technology, Inc.",3674,37378000000,5,2026-09-20T12:52:52.350Z
723254,2026-05-31,11149068687,12607305865,v4.1,b95c045813f3f076,open,CTAS,Cintas Corporation,2320,11264761000,5,2026-09-24T13:33:14.891Z
723254,2026-05-31,12272013458,12327454496,v1,c429ff67bedf2571,open,CTAS,Cintas Corporation,2320,11264761000,5,2026-09-19T16:27:06.330Z
723254,2026-05-31,9587694507,13377209939,v2,0d7a016462c39bc1,open,CTAS,Cintas Corporation,2320,11264761000,5,2026-09-19T16:33:37.144Z
723254,2026-05-31,9680778920,13891623799,v3,693d66fc476d0f70,open,CTAS,Cintas Corporation,2320,11264761000,5,2026-09-20T14:07:07.153Z
723531,2026-05-31,5853068744,8674729195,v3,772e499cfb200b7e,open,PAYX,"Paychex, Inc.",8700,6512000000,5,2026-09-20T14:11:05.911Z
723531,2026-05-31,6549902669,7894164711,v4.1,324002c0c5c82f28,open,PAYX,"Paychex, Inc.",8700,6512000000,5,2026-09-24T13:33:06.853Z
723603,2026-05-03,153081027,246039714,v3,bc351ccbc86845cb,open,CULP,CULP INC,2211,203482000,5,2026-09-20T15:24:52.681Z
723612,2025-12-31,9648046316,12812280126,v4.1,ab007b0756aaafed,open,CAR,"AVIS BUDGET GROUP, INC.",7510,11652000000,5,2026-09-25T13:58:46.194Z
724004,2026-03-31,204139059,328102812,v3,719a01585c2986dc,open,MLAB,MESA LABORATORIES INC /CO,3823,249130000,5,2026-09-20T15:20:53.715Z
726958,2026-04-30,14944808432,21445346311,v3,50c3e9f18eb97f4b,open,CASY,"CASEY’S GENERAL STORES, INC.",5500,17561101000,5,2026-09-20T15:18:29.372Z
728387,2023-12-31,549883,987377,v3,4f97197fae4274b9,void,CATX,"PERSPECTIVE THERAPEUTICS, INC.",2834,1434000,5,2026-09-20T15:20:42.375Z
728391,2025-12-31,1692365604,2508224993,v3,49088bd64ce06988,open,,"IPALCO ENTERPRISES, INC.",4911,1933080000,5,2026-09-20T14:04:01.135Z
728391,2025-12-31,1743879967,2479020795,v4.1,64fc552562e0b36b,open,,"IPALCO ENTERPRISES, INC.",4911,1933080000,5,2026-09-24T19:38:51.815Z
730272,2025-12-31,603008548,994897376,v4.1,50d27c514b8613bc,open,RGEN,REPLIGEN CORP,2836,738256000,5,2026-09-25T01:48:01.480Z
730272,2025-12-31,622108493,999884822,v3,5f7ecc7b5737ab20,open,RGEN,REPLIGEN CORP,2836,738256000,5,2026-09-20T14:14:13.504Z
730464,2026-06-30,1725835334,2549135918,v4.1,6a332866a102bf3e,open,CVSA,Covista Inc.,8200,1954085000,5,2026-09-24T14:19:05.266Z
731766,2025-12-31,394732980076,566429840590,v3,a1bc26c62f63ffe0,open,UNH,UnitedHealth Group Incorporated,6324,447567000000,5,2026-09-20T15:22:58.388Z
732717,2025-12-31,101320291260,145391541430,v3,678ddad8d0562517,open,T,AT&T INC.,4813,125648000000,5,2026-09-20T14:11:00.715Z
736012,2025-12-31,4057075,14620587,v4.1,be3c8ff581816cd2,open,INTZ,INTRUSION INC.,3576,7095000,5,2026-09-24T14:02:49.147Z
736012,2025-12-31,5753307,10330710,v3,677cbbefccbeb13b,open,INTZ,INTRUSION INC.,3576,7095000,5,2026-09-20T14:14:08.661Z
73756,2025-12-31,2381148187,3529057422,v3,b7c7365cffcab20e,open,OII,OCEANEERING INTERNATIONAL INC,1389,2784156000,5,2026-09-20T15:18:25.382Z
737758,2025-10-31,3557831384,5272998683,v3,d0a2ce3804a5f516,open,TTC,THE TORO COMPANY,3524,4510400000,5,2026-09-22T14:25:54.501Z
737758,2025-10-31,3916235047,4878459184,v4.1,2c0fa69089919478,open,TTC,THE TORO COMPANY,3524,4510400000,5,2026-09-24T13:33:11.016Z
740260,2025-12-31,5351609457,7931525295,v3,a28e31c5e197742f,open,VTR,"Ventas, Inc.",6798,5833980000,5,2026-09-20T13:57:57.903Z
740260,2025-12-31,5977468515,7231461831,v4.1,35b9f6a6df8caa83,open,VTR,"Ventas, Inc.",6798,5833980000,5,2026-09-24T20:26:03.692Z
740664,2025-10-31,67421329,121062579,v3,95c28576a535ff16,open,RFIL,R F INDUSTRIES LTD,3678,80586000,5,2026-09-20T15:19:30.728Z
742278,2025-12-31,1393637997,2065486114,v3,ae89d5c9a6bf57b2,open,RES,"RPC, INC.",1389,1626566000,5,2026-09-20T15:19:19.018Z
743367,2022-12-31,22974126,41252628,v3,08b4dedb640d86a6,void,BHB,BAR HARBOR BANKSHARES,6022,29364000,5,2026-09-20T14:04:01.177Z
744187,2026-01-31,493951849,793904861,v3,af33400f23172e9f,open,REX,REX AMERICAN RESOURCES CORPORATION,2860,650487000,5,2026-09-20T15:19:49.883Z
745732,2026-01-31,19094532014,26641604326,v2,f0fa5deaa6139e0a,open,ROST,"Ross Stores, Inc.",5651,22750559000,5,2026-09-19T16:33:49.713Z
745732,2026-01-31,19279915820,27666093780,v3,785066b785b1e5ce,open,ROST,"Ross Stores, Inc.",5651,22750559000,5,2026-09-20T13:54:55.414Z
745732,2026-01-31,19563181126,28182669845,v4.1,e98d9c707505ae13,open,ROST,"Ross Stores, Inc.",5651,22750559000,5,2026-09-25T01:22:51.456Z
745732,2026-01-31,23823412386,24496311710,v1,eae455a6435f0c37,open,ROST,"Ross Stores, Inc.",5651,22750559000,5,2026-09-19T16:24:03.572Z
746515,2025-12-31,7233659263,14112298977,v4.1,13c1ff06b78b9d67,open,EXPD,"EXPEDITORS INTERNATIONAL OF WASHINGTON, INC.",4731,11069009000,5,2026-09-25T06:06:33.505Z
746515,2025-12-31,8354029861,11987779185,v3,1a5fe4810b8437c3,open,EXPD,"EXPEDITORS INTERNATIONAL OF WASHINGTON, INC.",4731,11069009000,5,2026-09-20T14:27:03.618Z
748592,2024-12-31,1927106,3460336,v3,e391623c39433fc4,void,ERNA,Ernexa Therapeutics Inc.,2834,582000,5,2026-09-20T14:03:59.127Z
751365,2026-01-31,134048165,215449116,v3,3ec36c876c6790bd,open,VIRC,VIRCO MFG. CORPORATION,2531,199652000,5,2026-09-20T15:19:17.972Z
75252,2025-12-31,1066870898,4835624897,v4.1,78a2db9dfd4ef8fe,open,ACH,"Accendra Health, Inc.",5047,2762032000,5,2026-09-24T20:41:00.708Z
75252,2025-12-31,1766429407,2619781438,v2,45d06751f5199006,open,ACH,"Accendra Health, Inc.",5047,2762032000,5,2026-09-19T16:33:29.874Z
75252,2025-12-31,1848232216,2739232130,v3,d8ae6f7db8aac6cf,open,ACH,"Accendra Health, Inc.",5047,2762032000,5,2026-09-20T14:03:58.960Z
75252,2025-12-31,2013224374,2846455957,v1,a88f58ab318509b0,open,ACH,"Accendra Health, Inc.",5047,2762032000,5,2026-09-19T16:26:50.702Z
753308,2025-12-31,21788260034,31265491562,v3,9a918666f2bc7c68,open,NEE,NEXTERA ENERGY INC,4911,25800000000,5,2026-09-22T21:25:48.875Z
753308,2025-12-31,23618250311,29986654659,v4.1,f10ee8313e6308b6,open,NEE,NEXTERA ENERGY INC,4911,25800000000,5,2026-09-24T15:30:21.580Z
7536,2025-12-31,24936055316,35782482210,v3,e5f2b692017849a2,open,ARW,"ARROW ELECTRONICS, INC.",5065,30852935000,5,2026-09-20T15:18:23.436Z
7536,2025-12-31,26327921043,35153240810,v4.1,be18be5e4038729c,open,ARW,"ARROW ELECTRONICS, INC.",5065,30852935000,5,2026-09-25T02:58:12.218Z
76334,2026-06-30,18045825440,25895211556,v3,a3be1b4de963415e,open,PH,PARKER-HANNIFIN CORPORATION,3490,21499000000,5,2026-09-20T15:18:22.225Z
76334,2026-06-30,20104797751,24223068729,v4.1,cc10a16e74739f1e,open,PH,PARKER-HANNIFIN CORPORATION,3490,21499000000,5,2026-09-24T13:38:28.476Z
76334,2026-06-30,20459580681,23914986763,v4,fae160dbfc178f09,open,PH,PARKER-HANNIFIN CORPORATION,3490,21499000000,5,2026-09-24T12:38:00.119Z
764180,2025-12-31,17889040506,25670229937,v3,c475cc7b3382bba3,open,MO,"Altria Group, Inc.",2111,23279000000,5,2026-09-20T15:20:31.327Z
764180,2025-12-31,20538269546,23363174328,v4.1,b6ce72d8eec9bd36,open,MO,"Altria Group, Inc.",2111,23279000000,5,2026-09-24T16:23:32.282Z
764478,2026-01-31,32139497142,44842563590,v2,683f6fd3cbcd33d8,open,BBY,"BEST BUY CO., INC.",5731,41691000000,5,2026-09-19T17:13:30.710Z
764622,2025-12-31,4490628018,6655480001,v3,b57f35607ea466ea,open,PNW,PINNACLE WEST CAPITAL CORP,4911,5339939000,5,2026-09-20T15:18:37.116Z
76605,2025-12-31,3134447421,4645508834,v3,59549e80e11b4582,open,PATK,"PATRICK INDUSTRIES, INC.",3714,3950773000,5,2026-09-20T15:18:35.021Z
769397,2026-01-31,6603520616,9786960582,v3,0585350fb946d037,open,ADSK,"Autodesk, Inc.",7372,7206000000,5,2026-09-20T14:01:00.052Z
769397,2026-01-31,7465762950,8815488139,v4.1,8ade19820a94aad9,open,ADSK,"Autodesk, Inc.",7372,7206000000,5,2026-09-24T19:39:37.618Z
769520,2026-01-03,2472190677,3663989879,v3,209cafde7b02b8bd,open,MIDD,THE MIDDLEBY CORPORATION,3580,3201202000,5,2026-09-20T15:18:32.308Z
771497,2025-10-31,7250648762,10746057708,v3,f1d217baa641bb02,open,ABM,ABM INDUSTRIES INCORPORATED,7340,8745900000,5,2026-09-20T15:19:24.799Z
771856,2026-04-30,43935646,81443011,v4.1,05f95660b23800c9,open,CSBR,"CHAMPIONS ONCOLOGY, INC.",2836,59425000,5,2026-09-24T19:26:44.355Z
771856,2026-04-30,43935646,81443011,v4,3f12c5eb6cddeee0,open,CSBR,"CHAMPIONS ONCOLOGY, INC.",2836,59425000,5,2026-09-24T12:38:08.209Z
771856,2026-04-30,45287229,81318313,v3,265b5e1a305f7f60,open,CSBR,"CHAMPIONS ONCOLOGY, INC.",2836,59425000,5,2026-09-20T14:14:00.914Z
771999,2025-12-31,12092337,33827976,v4,0c026ebfc96ca35d,open,DSS,"DSS,     INC.",2650,20757000,5,2026-09-24T13:18:55.529Z
771999,2025-12-31,15141228,27187779,v3,9886d8e9ebe26998,open,DSS,"DSS,     INC.",2650,20757000,5,2026-09-22T14:26:03.832Z
77360,2025-12-31,3366326795,4989173134,v3,e591c167855ecfbc,open,PNR,Pentair plc,3550,4176000000,5,2026-09-20T15:18:22.735Z
77360,2025-12-31,3748271969,4587545363,v4,7789a3b9373be51f,open,PNR,Pentair plc,3550,4176000000,5,2026-09-24T13:16:57.889Z
77360,2025-12-31,3756440882,4553139520,v4.1,303da7c783e11e89,open,PNR,Pentair plc,3550,4176000000,5,2026-09-24T13:33:07.518Z
774415,2026-03-31,2187283,11803339,v4.1,9f49d1d8bdc2d75d,open,KRFG,"King Resources, Inc.",7380,830662,5,2026-09-25T06:21:59.502Z
774415,2026-03-31,3782560,6792013,v3,7cad2c0bee849b3e,open,KRFG,"King Resources, Inc.",7380,830662,5,2026-09-20T15:19:29.766Z
77476,2025-12-27,75392223160,105190835635,v2,4a1994844bb6332c,open,PEP,"PepsiCo, Inc.",2080,93925000000,5,2026-09-19T16:33:45.087Z
77476,2025-12-27,76124186491,109235896152,v3,1455c55d21ea611e,open,PEP,"PepsiCo, Inc.",2080,93925000000,5,2026-09-20T12:34:07.876Z
77476,2025-12-27,86658909583,100191304070,v4.1,19ce78f04b73f303,open,PEP,"PepsiCo, Inc.",2080,93925000000,5,2026-09-25T04:39:09.363Z
77476,2025-12-27,96042694112,97925419262,v1,336fe9856164fa9a,open,PEP,"PepsiCo, Inc.",2080,93925000000,5,2026-09-19T16:24:00.768Z
7789,2023-12-31,807655580,1197011986,v3,7b98d2c6ea030097,void,ASB,Associated Banc-Corp,6022,1102756000,5,2026-09-20T15:18:20.946Z
78128,2025-12-31,2177372315,3227044823,v3,b8e4546cb7fa1012,open,WTRG,"Essential Utilities, Inc.",4941,2474615000,5,2026-09-20T15:18:34.483Z
78239,2026-02-01,7230622324,10716376881,v3,b8f44085f899777f,open,PVH,PVH CORP.,2320,8950200000,5,2026-09-20T15:18:21.351Z
783325,2025-12-31,8365129717,12397810131,v3,df8bcfe3e9b27f54,open,WEC,"WEC ENERGY GROUP, INC.",4931,9800100000,5,2026-09-20T15:23:00.268Z
783412,2025-09-30,76446556,139582030,v4.1,c4d83eded7e22c9d,open,,DAILY JOURNAL CORPORATION,,87700000,5,2026-09-24T17:30:32.767Z
783412,2025-09-30,78184091,140388329,v3,ff65a3e577ecde52,open,DJCO,DAILY JOURNAL CORPORATION,2711,87700000,5,2026-09-20T14:07:05.569Z
78749,2026-03-31,293566881,471835816,v3,04eb2ab75d776302,open,AGYS,"AGILYSYS, INC.",7373,319312000,5,2026-09-20T15:18:25.477Z
788611,2026-02-28,13011094,23362883,v3,5d690b4e20b678fe,open,NTRP,"NextTrip, Inc.",4700,3715528,5,2026-09-20T15:22:48.357Z
788920,2026-06-30,66983550,120276499,v3,f11b5995e1eb9eba,open,PDEX,"PRO-DEX, INC.",3841,77548000,5,2026-09-20T15:22:36.695Z
788920,2026-06-30,68241767,115093622,v4.1,2e5d3af9b0c96d66,open,PDEX,"PRO-DEX, INC.",3841,77548000,5,2026-09-24T13:28:54.578Z
788965,2025-12-31,308901596,882066141,v4.1,82be504125f9788a,open,HNRG,HALLADOR ENERGY CO,4911,469466000,5,2026-09-24T19:51:05.009Z
788965,2025-12-31,371108790,638550295,v2,42b74482307da29c,open,HNRG,HALLADOR ENERGY CO,4911,469466000,5,2026-09-19T16:33:41.390Z
788965,2025-12-31,416995175,670216130,v3,0a71a1cefdfc5e4c,open,HNRG,HALLADOR ENERGY CO,4911,469466000,5,2026-09-20T14:27:02.687Z
788965,2025-12-31,545325788,550856634,v1,34d9f60ec66ddf95,open,HNRG,HALLADOR ENERGY CO,4911,469466000,5,2026-09-19T16:27:16.189Z
789019,2026-06-30,303809944952,423890165912,v2,bd1413afad74d8e3,open,MSFT,MICROSOFT CORPORATION,7372,331839000000,5,2026-09-19T16:33:59.262Z
789019,2026-06-30,303809944952,423890165912,v3,a46ea2bbcd9ea87d,open,MSFT,MICROSOFT CORPORATION,7372,331839000000,5,2026-09-20T12:51:05.466Z
789019,2026-06-30,349258201523,403694281373,v4.1,2cd85e86a9b8c0b5,open,MSFT,MICROSOFT CORPORATION,7372,331839000000,5,2026-09-24T14:30:34.804Z
789019,2026-06-30,377437485965,390868800390,v1,e7416e69089145ed,open,MSFT,MICROSOFT CORPORATION,7372,331839000000,5,2026-09-19T16:24:06.641Z
789460,2025-12-31,20682161560,44864815220,v4.1,8c408e75d64158bf,open,WKC,WORLD KINECT CORPORATION,5172,36916600000,5,2026-09-24T14:05:34.583Z
789460,2025-12-31,25005220323,34888479352,v2,fa304c2e722d745b,open,WKC,WORLD KINECT CORPORATION,5172,36916600000,5,2026-09-19T16:33:55.837Z
789460,2025-12-31,25247989453,36230098225,v3,25c77fe7e7eb52ce,open,WKC,WORLD KINECT CORPORATION,5172,36916600000,5,2026-09-20T13:54:55.416Z
789460,2025-12-31,32319184110,38460308674,v1,81dd1dfbf633d572,open,WKC,WORLD KINECT CORPORATION,5172,36916600000,5,2026-09-19T16:24:04.300Z
790051,2025-12-31,3778247257,6217710521,v4.1,1a3db9f456576a77,open,CSL,CARLISLE COMPANIES INCORPORATED,3060,5019900000,5,2026-09-25T04:15:15.548Z
790051,2025-12-31,3944944586,5846732282,v3,c10f3dc57fdb0790,open,CSL,CARLISLE COMPANIES INCORPORATED,3060,5019900000,5,2026-09-20T14:04:08.277Z
790359,2025-12-31,156644858,251767686,v3,b31a1e39ed3db48c,open,NBTB,NBT BANCORP INC,6021,182952000,5,2026-09-20T15:18:35.454Z
790359,2025-12-31,167142258,226694095,v4.1,806e3d775b3e742b,open,NBTB,NBT BANCORP INC,6021,182952000,5,2026-09-24T13:33:08.665Z
790816,2025-12-31,330541968,568748779,v2,e2f8a1a60daf447d,open,BDN,BRANDYWINE REALTY TRUST,6798,484454000,5,2026-09-19T16:33:32.391Z
790816,2025-12-31,371412399,596953144,v3,644a7af4a9aaed6e,open,BDN,BRANDYWINE REALTY TRUST,6798,484454000,5,2026-09-20T14:16:55.202Z
790816,2025-12-31,406810059,523068831,v4.1,e91e3bba281e6d20,open,BDN,BRANDYWINE REALTY TRUST,6798,484454000,5,2026-09-24T23:05:39.684Z
790816,2025-12-31,411200713,515992200,v4,d07fb4d6e3795805,open,BDN,BRANDYWINE REALTY TRUST,6798,484454000,5,2026-09-24T12:36:44.113Z
790816,2025-12-31,464268616,483864547,v1,4e76d8a6fba4fba7,open,BDN,BRANDYWINE REALTY TRUST,6798,484454000,5,2026-09-19T16:26:55.987Z
796343,2025-11-28,20764362866,29796230216,v3,ab09027a7c8efaf6,open,ADBE,ADOBE INC.,7372,23769000000,5,2026-09-20T15:18:47.829Z
796343,2025-11-28,23844533667,27113038666,v4.1,f0aa37edc09cd8ca,open,ADBE,ADOBE INC.,7372,23769000000,5,2026-09-25T16:16:27.635Z
797542,2024-12-31,11663735,20943549,v3,0a1581d84610cb29,void,QXL,QUANTUM X LABS INC.,7372,26941000,5,2026-09-20T15:20:25.258Z
797721,2026-03-31,4145429707,6143867717,v3,162a71549a0cce9b,open,VSAT,"VIASAT, INC.",4899,4640280000,5,2026-09-20T15:21:44.612Z
798081,2026-01-31,175373861,281869905,v3,e992edb0fd0a83ea,open,LAKE,"LAKELAND INDUSTRIES, INC.",3842,192648000,5,2026-09-20T15:20:24.839Z
798354,2025-12-31,17564740355,25204869068,v3,785565396079785a,open,FISV,"FISERV, INC.",7389,21193000000,5,2026-09-23T14:35:15.905Z
798354,2025-12-31,19100098444,24220616670,v4,1a637ba0a4e515a9,open,FISV,"FISERV, INC.",7389,21193000000,5,2026-09-24T12:58:42.332Z
798354,2025-12-31,20098524193,23009818764,v4.1,06099822da530a4b,open,FISV,"FISERV, INC.",7389,21193000000,5,2026-09-24T13:33:07.688Z
798359,2025-12-31,223432596,359112379,v3,b3ab83d133bd59af,open,CSR,CENTERSPACE,6798,273662000,5,2026-09-20T15:18:28.381Z
798359,2025-12-31,233061948,331063491,v4.1,31417f3bc9305089,open,CSR,CENTERSPACE,6798,273662000,5,2026-09-25T06:21:35.846Z
798941,2025-12-31,8389989466,12434654324,v3,585ef0a61fafd9d3,open,FCNCA,FIRST CITIZENS BANCSHARES INC /DE/,6022,9541000000,4,2026-09-20T15:18:29.449Z
799233,2025-12-31,543335457,873276740,v3,65bcca37ee85e690,open,HTLD,HEARTLAND EXPRESS INC,4213,805709000,5,2026-09-20T15:18:28.177Z
799850,2026-04-30,1037108203,1362929465,v4,6253a1cb0f078aa7,open,CRMT,"AMERICA’S CAR-MART, INC.",5500,1281502000,5,2026-09-24T12:40:05.536Z
799850,2026-04-30,964235218,1429075885,v3,f28f8ab295a2878b,open,CRMT,"AMERICA’S CAR-MART, INC.",5500,1281502000,5,2026-09-20T14:14:20.076Z
799850,2026-04-30,987462584,1421203608,v4.1,2e72174d9d9b97d9,open,CRMT,"AMERICA’S CAR-MART, INC.",5500,1281502000,5,2026-09-24T19:31:26.644Z
802481,2025-12-28,15014509054,21545364586,v3,e502942369d9f779,open,PPC,PILGRIM’S PRIDE CORPORATION,2015,18497553000,5,2026-09-20T15:18:18.403Z
802481,2025-12-28,16654592899,20234700212,v4.1,d4aef4aff7720a7b,open,PPC,PILGRIM’S PRIDE CORPORATION,2015,18497553000,5,2026-09-25T08:16:47.658Z
80424,2026-06-30,70600295392,101309280154,v3,9f5f654518636bdd,open,PG,The Procter & Gamble Company,2840,87032000000,5,2026-09-20T14:07:13.309Z
80424,2026-06-30,81258476714,91994373694,v4.1,dd1ccc04a4353788,open,PG,The Procter & Gamble Company,2840,87032000000,5,2026-09-24T13:33:07.233Z
804328,2025-09-28,37036675112,55908294559,v4.1,ddb0447f7d3ed9ff,open,QCOM,QUALCOMM INC/DE,3663,44284000000,5,2026-09-24T16:06:19.888Z
804328,2025-09-28,37403700872,53673175011,v3,8c243498cb777136,open,QCOM,QUALCOMM INC/DE,3663,44284000000,5,2026-09-20T15:18:21.349Z
805928,2025-12-31,211203788,339457610,v3,34552280805bcb4e,open,AXGN,"Axogen, Inc.",3845,225208000,5,2026-09-20T14:07:09.744Z
805928,2025-12-31,230668476,298334200,v4.1,267c5e591dc0a5a8,open,AXGN,"Axogen, Inc.",3845,225208000,5,2026-09-25T16:15:40.622Z
807882,2025-09-28,1125692999,1668369593,v3,ebffe2d368cc17d1,open,JACK,JACK IN THE BOX INC.,5812,1465314000,5,2026-09-22T14:25:11.193Z
807882,2025-09-28,1141143617,1676157641,v4.1,666f445507ba22c0,open,JACK,JACK IN THE BOX INC.,5812,1465314000,5,2026-09-24T13:33:09.109Z
811222,2025-12-31,10245705,18397315,v3,7e565180d9cdbe1e,open,CDIX,CARDIFF LEXINGTON CORPORATION,8011,11535577,5,2026-09-20T14:11:18.077Z
811222,2025-12-31,5808841,32630985,v4.1,9fe46885141a7d8f,open,CDIX,CARDIFF LEXINGTON CORPORATION,8011,11535577,5,2026-09-24T19:35:12.832Z
811589,2025-12-31,62907414,112957338,v3,4d28aaafe5c68894,open,FBNC,FIRST BANCORP,6022,67623000,5,2026-09-20T15:23:54.005Z
812011,2025-07-31,2454482293,3637744597,v3,371814617ad4f49f,void,MTN,"Vail Resorts, Inc.",7990,2964347000,5,2026-09-20T15:22:52.689Z
812796,2024-12-31,29232,52490,v3,a28c04f71aea88df,void,SNGX,"SOLIGENIX, INC.",2834,119371,5,2026-09-22T14:26:01.148Z
813298,2026-01-31,291871088,541315009,v4.1,63de18cdf1e46673,open,DXLG,"DESTINATION XL GROUP, INC.",5651,435017000,5,2026-09-25T07:04:35.696Z
813298,2026-01-31,318886224,512530369,v3,8d98be850a296dcf,open,DXLG,"DESTINATION XL GROUP, INC.",5651,435017000,5,2026-09-20T15:23:04.576Z
81362,2025-12-31,1514867077,2245157580,v3,c3d76824505adba7,open,KWR,QUAKER CHEMICAL CORPORATION,2990,1888634000,5,2026-09-20T15:19:49.327Z
81362,2025-12-31,1669091297,2075148859,v4.1,42761ece2d80e625,open,KWR,QUAKER CHEMICAL CORPORATION,2990,1888634000,5,2026-09-25T08:17:19.459Z
817720,2026-06-27,1090549204,1334159769,v1,5bbbd891098a2422,open,SYNA,SYNAPTICS INCORPORATED,3674,1197200000,5,2026-09-19T16:27:45.675Z
817720,2026-06-27,889561804,1654315130,v4.1,f402d9bfed7340d4,open,SYNA,SYNAPTICS INCORPORATED,3674,1197200000,5,2026-09-24T19:47:55.548Z
817720,2026-06-27,943636196,1399501491,v2,9d2c8b68082340e7,open,SYNA,SYNAPTICS INCORPORATED,3674,1197200000,5,2026-09-19T16:33:54.334Z
817720,2026-06-27,987335701,1463312701,v3,ec14c8d4d3cc8ca7,open,SYNA,SYNAPTICS INCORPORATED,3674,1197200000,5,2026-09-20T14:07:21.113Z
818686,2025-12-31,14273389445,20481880451,v3,69bd89ce0ea44106,open,TEVA,TEVA PHARMACEUTICAL INDUSTRIES LIMITED,2834,17258000000,5,2026-09-20T14:14:24.980Z
818686,2025-12-31,16063168777,18983796796,v4.1,3fe92e6e84ad0296,open,TEVA,TEVA PHARMACEUTICAL INDUSTRIES LIMITED,2834,17258000000,5,2026-09-24T19:39:07.502Z
820313,2025-12-31,25009770279,35888260945,v3,5be6d4fd44651ca6,open,APH,AMPHENOL CORPORATION,3678,23094700000,5,2026-09-20T15:20:51.605Z
821002,2026-01-31,2136331508,3168381146,v2,510f38668063af09,open,GIII,G III APPAREL GROUP LTD /DE/,2300,2957012000,5,2026-09-19T16:33:40.309Z
821002,2026-01-31,2235264371,3312845610,v3,d82b8ea819dfa4f2,open,GIII,G III APPAREL GROUP LTD /DE/,2300,2957012000,5,2026-09-20T13:57:57.493Z
821002,2026-01-31,2266451631,3327564474,v4.1,ebb648b2fa386d60,open,GIII,G III APPAREL GROUP LTD /DE/,2300,2957012000,5,2026-09-24T19:45:20.408Z
821002,2026-01-31,2748972260,3006645315,v1,e062f5db6bb47a30,open,GIII,G III APPAREL GROUP LTD /DE/,2300,2957012000,5,2026-09-19T16:27:11.446Z
821189,2025-12-31,17287306164,25121655462,v4.1,2c20a1eea662f082,open,EOG,"EOG RESOURCES, INC.",1311,22632000000,5,2026-09-25T13:58:24.555Z
822663,2025-12-31,1264007273,1873362722,v3,6be5c4c5afd5dfb0,open,IPAR,"INTERPARFUMS, INC.",2844,1488509000,5,2026-09-20T15:19:25.601Z
824142,2025-12-31,1362590694,2019471459,v3,8f8ff5e5887b4309,open,AAON,"AAON, INC.",3585,1442076000,5,2026-09-20T15:18:53.497Z
82473,2026-01-31,5601294,10057753,v3,7d3f8b3a81e379e0,open,IHT,INNSUITES HOSPITALITY TRUST,6798,7567275,5,2026-09-20T15:18:37.458Z
825542,2025-09-30,2599434994,3852576421,v3,61027e36299abfe0,open,SMG,Scotts Miracle-Gro Co,2870,3413100000,5,2026-09-20T14:07:05.771Z
827876,2025-09-30,1154996780,1856370332,v3,567f898ed879fd76,open,CLSK,"CleanSpark, Inc.",6199,766314000,5,2026-09-20T15:20:47.687Z
829224,2025-09-28,34403084398,40517033444,v4.1,75d2173f0970f027,open,SBUX,Starbucks Corporation,5810,37184400000,5,2026-09-25T13:58:55.940Z
831259,2025-12-31,21042342029,30195121874,v3,6aa41a9618f02a4c,open,FCX,Freeport-McMoRan Inc.,1000,25915000000,5,2026-09-20T15:18:48.619Z
832489,2025-12-31,2553063,8241011,v4.1,8f2db287f1594d4e,open,GOVX,"GEOVAX LABS, INC.",2834,2489145,5,2026-09-24T19:10:03.777Z
832489,2025-12-31,3429716,6158441,v3,09c0f93a438fcebe,open,GOVX,"GEOVAX LABS, INC.",2834,2489145,5,2026-09-20T14:10:57.427Z
834365,2025-12-31,83659560,150220150,v3,85cdc4f07e85eee4,open,BLFS,"BioLife Solutions, Inc.",3845,96214000,5,2026-09-20T15:22:35.282Z
836157,2025-08-31,552602853,888171775,v3,c86ca30e2a07fc1d,open,LNN,Lindsay Corporation,3523,676368000,5,2026-09-20T15:20:39.819Z
84112,2026-04-30,19863375,35666923,v3,0dfcc0357c9337bf,open,RSKIA,"GEORGE RISK INDUSTRIES, INC.",3669,24852000,5,2026-09-20T15:18:51.339Z
845819,2025-12-31,4018044,7214850,v3,d9c000e5d85d38ec,open,KTEL,"KonaTel, Inc.",4899,8452885,5,2026-09-20T15:18:30.021Z
846913,2025-12-31,17527084,41201013,v4.1,1264e51044254209,open,FTEK,"FUEL TECH, INC.",3564,26677000,5,2026-09-25T00:17:55.752Z
846913,2025-12-31,20147547,36177187,v3,069ae62e755a9d43,open,FTEK,"FUEL TECH, INC.",3564,26677000,5,2026-09-20T15:19:46.410Z
849145,2025-12-31,30260556,91818206,v4.1,1d99460611572551,open,HGBL,HERITAGE GLOBAL INC.,7389,50978000,5,2026-09-24T23:06:23.441Z
849145,2025-12-31,40254412,72281325,v3,278dd94af59118f5,open,HGBL,HERITAGE GLOBAL INC.,7389,50978000,5,2026-09-23T14:34:53.258Z
849146,2026-06-30,125898952,202351282,v3,d602267652e6a4e5,open,LFVN,LIFEVANTAGE CORP,2834,182586000,5,2026-09-21T16:09:31.764Z
849146,2026-06-30,128520177,190782734,v4.1,9fabdb7db29bb200,open,LFVN,LIFEVANTAGE CORP,2834,182586000,5,2026-09-24T13:33:02.200Z
849399,2026-04-03,4806073660,7122996383,v3,c6c216c385303134,open,GEN,Gen Digital Inc.,7372,5000000000,5,2026-09-20T15:23:08.322Z
849869,2025-12-31,5442370672,8066040879,v3,6b84c64f58c8e88e,open,SLGN,SILGAN HOLDINGS INC,3411,6483166000,5,2026-09-20T15:18:34.244Z
849869,2025-12-31,5869950649,7616071643,v4.1,dc7caf6e51aa006b,open,SLGN,SILGAN HOLDINGS INC,3411,6483166000,5,2026-09-25T10:19:07.755Z
850429,2011-12-31,690725664,1110169874,v3,fc8c6f0a1bdcb94a,void,TG,Tredegar Corporation,3350,800821000,3,2026-09-20T14:03:58.299Z
857855,2025-12-31,931902749,1381156508,v3,94f50cf9066f450d,open,UCB,"UNITED COMMUNITY BANKS, INC.",6022,1063152000,5,2026-09-20T15:23:46.634Z
860731,2025-12-31,2013734892,2984520705,v3,a0615a07f2d3794d,open,TYL,"TYLER TECHNOLOGIES, INC.",7372,2332340000,5,2026-09-20T15:20:32.164Z
863436,2025-12-31,2148519347,3184282351,v3,2673edd3c74b6b9b,open,BHE,"BENCHMARK ELECTRONICS, INC.",3672,2748742000,5,2026-09-20T15:19:17.492Z
863894,2024-09-30,10453327,18770125,v3,ff86c441c928df88,void,VERU,VERU INC.,2834,16886419,5,2026-09-20T15:20:32.096Z
865752,2025-12-31,7263913151,10765716625,v3,e64b2f35bf4aaff2,open,MNST,Monster Beverage Corp,2086,8294343000,5,2026-09-20T15:19:14.729Z
866273,2026-06-30,746858875,1200390063,v3,a9ab35218d645bd3,open,MTRX,MATRIX SERVICE CO,1700,873632000,5,2026-09-20T15:19:13.882Z
866273,2026-06-30,796740258,1081080933,v4.1,78edb61d9d0c964a,open,MTRX,Matrix Service Company,1700,873632000,5,2026-09-24T20:30:26.171Z
866374,2026-03-31,22884733781,32838898095,v3,ae432d41028528c1,open,FLEX,FLEX LTD.,3672,27914000000,5,2026-09-20T14:16:56.094Z
866374,2026-03-31,25133634290,31121907180,v4.1,7e4735e2716d3616,open,FLEX,FLEX LTD.,3672,27914000000,5,2026-09-24T15:35:18.638Z
866439,2025-12-31,204277,855962,v4.1,5f214c163284c2ef,open,DPLS,"DarkPulse, Inc.",7372,308492,5,2026-09-24T19:51:24.738Z
866439,2025-12-31,204277,855962,v4,1981068433b6643c,open,DPLS,"DarkPulse, Inc.",7372,308492,5,2026-09-24T12:38:23.216Z
866439,2025-12-31,311966,560169,v3,905dd6ad55cda4e8,open,DPLS,"DarkPulse, Inc.",7372,308492,5,2026-09-20T14:27:03.622Z
866829,2025-12-31,1047950667,1659440631,v4.1,dd8db0022bebd7ef,open,HOS,"HORNBECK OFFSHORE SERVICES, INC.",1389,1291474000,5,2026-09-24T19:27:56.335Z
866829,2025-12-31,1073336216,1590772536,v3,d95310244fac1f6c,open,HOS,"HORNBECK OFFSHORE SERVICES, INC.",1389,1291474000,5,2026-09-20T14:20:01.687Z
8670,2026-06-30,21340458002,24113381709,v4.1,cabaa22fd66f3b55,open,ADP,"Automatic Data Processing, Inc.",7374,21947400000,5,2026-09-25T13:57:53.081Z
868857,2025-09-30,13221350056,18972235872,v3,1c820496d7e15198,open,ACM,AECOM,8711,16139622000,5,2026-09-20T13:58:25.856Z
868857,2025-09-30,14804250608,17665772828,v4.1,c69d784aea3acaea,open,ACM,AECOM,8711,16139622000,5,2026-09-24T19:57:09.234Z
873303,2025-12-31,2301196989,3098411326,v4.1,ada272f1adf1a6af,open,SRPT,"SAREPTA THERAPEUTICS, INC.",2834,2198237000,5,2026-09-24T14:19:38.435Z
874015,2025-12-31,934060180,1501269646,v3,94987db9aa998192,open,IONS,"Ionis Pharmaceuticals, Inc.",2834,943711000,5,2026-09-20T15:18:52.651Z
874761,2025-12-31,10707470292,12877174704,v4.1,f75803495e8fd724,open,AES,THE AES CORPORATION,4991,12233000000,5,2026-09-24T15:30:24.592Z
874761,2025-12-31,9601692197,13778136754,v3,aa7cc568a23adb4b,open,AES,THE AES CORPORATION,4991,12233000000,5,2026-09-20T14:14:00.107Z
875582,2025-08-31,58480809,117550704,v4.1,419263d0514dff33,open,NTIC,NORTHERN TECHNOLOGIES INTERNATIONAL CORP,3470,84234474,5,2026-09-25T00:17:39.648Z
875582,2025-08-31,62860715,112873484,v3,be4c42e5d64794a2,open,NTIC,NORTHERN TECHNOLOGIES INTERNATIONAL CORP,3470,84234474,5,2026-09-20T15:19:49.160Z
876167,2025-11-30,1022110684,1374360742,v4.1,52758ca59c44e4c7,open,PRGS,PROGRESS SOFTWARE CORP /MA,7372,977831000,5,2026-09-24T13:33:11.883Z
876167,2025-11-30,953869942,1533108916,v3,0cd91a3f122734f0,open,PRGS,PROGRESS SOFTWARE CORP /MA,7372,977831000,5,2026-09-23T14:34:53.085Z
878927,2025-12-31,4158832975,6163732463,v3,de4b92d607c6a759,open,ODFL,"OLD DOMINION FREIGHT LINE, INC.",4213,5496389000,5,2026-09-23T14:36:57.019Z
878927,2025-12-31,4413603337,5914876444,v4.1,d7d1d666404fc7ec,open,ODFL,"OLD DOMINION FREIGHT LINE, INC.",4213,5496389000,5,2026-09-24T23:07:42.884Z
880242,2025-12-31,4369857,7846570,v3,c90a220ee29afdaa,open,BLGO,"BIOLARGO, INC.",2800,7765000,5,2026-09-20T15:23:09.134Z
880641,2023-12-31,0,0,v3,59b384b9829148f1,void,EFSI,"EAGLE FINANCIAL SERVICES, INC.",6022,,3,2026-09-20T15:18:36.381Z
880807,2026-03-31,319939582,511936478,v4.1,dbd6dbcc268c04ba,open,AMSC,AMERICAN SUPERCONDUCTOR CORP /DE/,3621,299155000,5,2026-09-24T19:49:06.777Z
880807,2026-03-31,325153368,522603245,v3,cd532fbc6e7d06fd,open,AMSC,AMERICAN SUPERCONDUCTOR CORP /DE/,3621,299155000,5,2026-09-22T14:26:47.071Z
880984,2025-12-31,8438231,18475943,v4.1,88174d8e3b7eac8b,open,ACFN,"ACORN ENERGY, INC.",8711,11478000,5,2026-09-24T13:33:10.454Z
880984,2025-12-31,9367115,16819708,v3,4ddcbfa02c9e3764,open,ACFN,"ACORN ENERGY, INC.",8711,11478000,5,2026-09-21T14:14:37.704Z
882184,2025-09-30,26236280619,37648266040,v3,ed31b713657e0898,open,DHI,"D.R. Horton, Inc.",1531,34250400000,5,2026-09-20T15:20:45.388Z
882291,2024-03-31,0,0,v3,fecc477b01b62eb8,void,AEMD,"AETHLON MEDICAL, INC.",3841,,5,2026-09-20T14:13:58.590Z
882508,2025-12-28,6254435,19852744,v4.1,cd5b3fabc77c6cb6,open,QUIK,QUICKLOGIC Corp,3674,13774000,5,2026-09-24T13:33:09.320Z
882508,2025-12-28,8333045,14962919,v3,f9e7d304d20f351e,open,QUIK,QUICKLOGIC Corp,3674,13774000,5,2026-09-22T14:28:16.176Z
883902,2025-12-31,4323983865,6408499663,v3,d96117c5ad180429,open,,"Cornerstone Building Brands, Inc.",3448,5408660000,5,2026-09-20T14:27:10.394Z
883902,2025-12-31,4787477323,5894400615,v4.1,c50faed6e30cd7f3,open,,"Cornerstone Building Brands, Inc.",3448,5408660000,5,2026-09-25T10:58:03.674Z
884269,2025-12-31,28019074,114873847,v4.1,9960d1a3af3d901c,open,APT,"Alpha Pro Tech, Ltd.",3842,59142000,5,2026-09-24T16:50:05.199Z
884269,2025-12-31,43556294,78210226,v3,6c2c8d8882c35b42,open,APT,"Alpha Pro Tech, Ltd.",3842,59142000,5,2026-09-20T14:11:19.844Z
885245,2026-01-31,1060007815,1571018749,v3,c3f59e61ebf4d64c,open,BKE,"BUCKLE, INC",5651,1297835000,5,2026-09-20T15:23:53.967Z
885462,2025-12-31,37729639,67747810,v3,a735542ce71135ca,open,GURE,"GULF RESOURCES, INC.",2800,25418335,5,2026-09-20T15:20:27.967Z
885550,2025-12-31,1983824659,2940191280,v3,65e4c23e0d4a66ea,open,CACC,CREDIT ACCEPTANCE CORP,6141,2317200000,5,2026-09-20T15:20:48.989Z
885550,2025-12-31,2194951524,2706201782,v4.1,0bc63416f067ed7e,open,CACC,CREDIT ACCEPTANCE CORP,6141,2317200000,5,2026-09-24T18:40:58.140Z
885568,2025-12-31,1217932538,1805076176,v3,84995b51ac9f3fa3,open,,OLD DOMINION ELECTRIC COOPERATIVE,4911,1333147000,5,2026-09-20T14:01:29.699Z
885568,2025-12-31,1302783901,1718568282,v4.1,1b046a8235b6bc0a,open,,OLD DOMINION ELECTRIC COOPERATIVE,4911,1333147000,5,2026-09-24T18:17:43.957Z
885725,2025-12-31,18574501092,25916032311,v2,87b4b4131f8f1eec,open,BSX,BOSTON SCIENTIFIC CORPORATION,3841,20074000000,5,2026-09-19T16:33:34.654Z
885725,2025-12-31,18754836054,26912620259,v3,18d503191fb8eace,open,BSX,BOSTON SCIENTIFIC CORPORATION,3841,20074000000,5,2026-09-20T14:07:07.096Z
885725,2025-12-31,21156223783,24890756287,v4.1,fc44afef12f4ab90,open,BSX,BOSTON SCIENTIFIC CORPORATION,3841,20074000000,5,2026-09-24T13:37:10.009Z
885725,2025-12-31,22883118030,24061949961,v1,91d66ca03336fcd2,open,BSX,BOSTON SCIENTIFIC CORPORATION,3841,20074000000,5,2026-09-19T16:27:01.446Z
885978,2025-12-31,703884871,1131320030,v3,2f45a974c1bbfcce,open,USPH,U S PHYSICAL THERAPY INC /NV,8000,780990000,5,2026-09-22T14:28:05.267Z
885978,2025-12-31,773444208,987998054,v4.1,1e92a0ffbd6e4418,open,USPH,U S PHYSICAL THERAPY INC /NV,8000,780990000,5,2026-09-24T19:34:31.061Z
886128,2025-10-31,154495668,248313398,v3,3d9a00519fa11ef2,open,FCEL,"FUELCELL ENERGY, INC.",3620,158162000,5,2026-09-20T15:20:47.735Z
886136,2025-12-31,81341404,130736095,v3,45f3e780439cc136,open,SGA,"Saga Communications, Inc",4832,107112000,5,2026-09-20T15:18:29.974Z
886346,2026-01-03,858006939,1271636840,v3,704fa9161a2f5c36,open,KAI,KADANT INC,3550,1052248000,5,2026-09-20T14:04:08.386Z
887396,2025-12-31,10378541,74077175,v4.1,dab52b27c92fbe12,open,EP,EMPIRE PETROLEUM CORPORATION,1311,34203000,5,2026-09-24T18:18:07.574Z
887396,2025-12-31,14615764,37480779,v2,620103b355068ef3,open,EP,EMPIRE PETROLEUM CORPORATION,1311,34203000,5,2026-09-19T16:33:38.322Z
887396,2025-12-31,20592262,36975723,v3,1920e28640a6b04e,open,EP,EMPIRE PETROLEUM CORPORATION,1311,34203000,5,2026-09-20T14:27:28.823Z
887396,2025-12-31,26592329,36118790,v1,d22a3ddfba7cdbd9,open,EP,EMPIRE PETROLEUM CORPORATION,1311,34203000,5,2026-09-19T16:27:08.162Z
887733,2025-09-27,2434224989,3607721607,v3,1e0e496c8672404e,open,CENT,Central Garden & Pet Company,5190,3129100000,5,2026-09-23T14:35:14.814Z
887733,2025-09-27,2745341423,3257583690,v4.1,a26472a3f6490fdb,open,CENT,Central Garden & Pet Company,5190,3129100000,5,2026-09-24T14:05:38.994Z
889331,2025-12-27,1928653998,3025652437,v4.1,e1936b301e1735ab,open,LFUS,LITTELFUSE INC /DE,3613,2386294000,5,2026-09-25T01:55:47.624Z
889331,2025-12-27,1966174970,2914032990,v3,1988e208950a97ed,open,LFUS,LITTELFUSE INC /DE,3613,2386294000,5,2026-09-20T14:10:59.264Z
889348,2025-12-31,45607493,81893384,v3,bf326a948f44d3fc,open,CVU,"CPI AEROSTRUCTURES, INC.",3728,69262124,5,2026-09-20T15:18:25.081Z
88948,2025-03-31,1335447599,1979243160,v3,531f1c0fd3366071,void,SENEA,Seneca Foods Corp,2033,1578887000,5,2026-09-22T14:25:05.628Z
88948,2025-03-31,1500372490,1802759094,v4,38e2f148be3c3ee8,void,SENEA,Seneca Foods Corp,2033,1578887000,5,2026-09-24T12:29:59.765Z
889900,2025-12-31,4067194892,6027917288,v3,a5e67ba48b2acf20,open,PTEN,PATTERSON UTI ENERGY INC,1381,4826624000,5,2026-09-20T15:20:29.973Z
889971,2026-06-30,65607133,188533472,v4.1,8652bcefe36b4b6b,open,LPTH,LIGHTPATH TECHNOLOGIES INC,3674,71722099,5,2026-09-24T20:30:27.309Z
889971,2026-06-30,84852449,152362117,v3,63bedfe01c796180,open,LPTH,LIGHTPATH TECHNOLOGIES INC,3674,71722099,5,2026-09-20T15:18:51.171Z
890394,2025-12-31,4620811,24559272,v4.1,22d9493255fbebf4,open,PRSO,PERASO INC.,3674,12193000,5,2026-09-25T14:21:19.470Z
890394,2025-12-31,7931480,14241864,v3,ec2dfdda4db2eca3,open,PRSO,PERASO INC.,3674,12193000,5,2026-09-20T14:07:12.269Z
891482,2025-12-31,269916895,433824340,v3,0f94a53c38e0094f,open,FLL,FULL HOUSE RESORTS INC,7011,302376000,5,2026-09-20T15:19:26.780Z
893538,2025-12-31,2698703224,3999700101,v3,b9f54f018d7ea620,open,SM,SM ENERGY CO,1311,3154000000,5,2026-09-20T15:18:51.085Z
894405,2025-12-31,3008934882,4459488930,v3,444b15baf7bf059b,open,ARCB,ARCBEST CORPORATION,4213,4010158000,5,2026-09-20T15:19:41.204Z
894871,2025-12-31,102048641,164017834,v3,55959adb1de37d19,open,PAAI,"THE ARENA GROUP HOLDINGS, INC.",4841,134828000,5,2026-09-20T14:16:56.166Z
894871,2025-12-31,80400777,200468955,v4,f0b899c96bb56517,open,PAAI,"THE ARENA GROUP HOLDINGS, INC.",4841,134828000,5,2026-09-24T12:40:05.328Z
894871,2025-12-31,92044223,175890841,v4.1,a8f149ab9c9517dc,open,PAAI,"THE ARENA GROUP HOLDINGS, INC.",4841,134828000,5,2026-09-24T14:39:30.398Z
895126,2025-12-31,12159303476,41450383619,v4,b3c32ccecade7230,open,EXE,EXPAND ENERGY Corp,1311,12124000000,5,2026-09-24T12:38:51.785Z
895126,2025-12-31,14338998905,34708707438,v1,878f27ed4e78de5b,open,EXE,EXPAND ENERGY Corp,1311,12124000000,5,2026-09-19T16:27:09.238Z
895126,2025-12-31,18381097017,25646185695,v2,d9f997aac4d9c2f6,open,EXE,EXPAND ENERGY Corp,1311,12124000000,5,2026-09-19T16:33:38.913Z
895126,2025-12-31,18559554270,26632396828,v3,2390b8bdff74d5bc,open,EXE,EXPAND ENERGY Corp,1311,12124000000,5,2026-09-20T14:19:57.792Z
895419,2025-06-29,541591374,931892052,v2,be272cd1ea6d1e82,open,WOLF,"WOLFSPEED, INC.",3674,757600000,5,2026-09-19T16:33:56.399Z
895419,2025-06-29,608557373,978104764,v3,988a5b4d0e76046a,void,WOLF,"WOLFSPEED, INC.",3674,757600000,5,2026-09-20T14:07:03.323Z
895419,2025-06-29,711047770,830007184,v1,fac3857502d47525,open,WOLF,"WOLFSPEED, INC.",3674,757600000,5,2026-09-19T16:27:49.522Z
895447,2026-01-31,861898310,1277404172,v3,44d69c95da3b9198,open,SHOE,"Shoe Station Group, Inc.",5661,1135324000,5,2026-09-20T15:18:36.657Z
896156,2026-06-30,421474749,677415931,v3,4cad80ee22c24867,open,ETD,Ethan     Allen Interiors Inc.,2511,579487000,5,2026-09-22T14:25:09.613Z
896156,2026-06-30,451060598,608065658,v4.1,88fdaaf810cc7c1a,open,ETD,Ethan     Allen Interiors Inc.,2511,579487000,5,2026-09-24T13:33:10.648Z
896493,2025-12-31,76972109,123713539,v3,26305611949b858d,open,GPUS,"HYPERSCALE DATA, INC.",3533,102112000,5,2026-09-20T15:18:36.131Z
897077,2025-12-31,1221563948,1811694565,v2,805c0850328637a0,open,ALG,ALAMO GROUP INC.,3523,1603715000,5,2026-09-19T16:33:30.976Z
897077,2025-12-31,1278134203,1894299994,v3,0878df3c4e197295,open,ALG,ALAMO GROUP INC.,3523,1603715000,5,2026-09-20T14:27:06.717Z
897077,2025-12-31,1388739361,1775490351,v4.1,3a3db19c34d8bd1c,open,ALG,ALAMO GROUP INC.,3523,1603715000,5,2026-09-24T16:57:44.062Z
897077,2025-12-31,1579294609,1679197904,v1,2909a80c82d20c76,open,ALG,ALAMO GROUP INC.,3523,1603715000,5,2026-09-19T16:26:53.603Z
897723,2025-09-27,6731842408,9977144028,v3,f94e884cdf0c56aa,open,SANM,Sanmina Corporation,3672,8128382000,5,2026-09-20T14:27:10.477Z
897723,2025-09-27,6918093011,9887602367,v4.1,6d8d25de442dfd84,open,SANM,Sanmina Corporation,3672,8128382000,5,2026-09-24T17:38:11.652Z
899051,2025-12-31,57559632021,82596324188,v3,f59ce4c47dc9d9cc,open,ALL,ALLSTATE CORP,6331,67685000000,5,2026-09-20T15:19:15.508Z
899923,2025-12-31,667123359,1072235034,v3,6d0276d7621cd995,open,MYGN,"MYRIAD GENETICS, INC.",2835,824500000,5,2026-09-20T14:14:14.489Z
899923,2025-12-31,717724815,957204361,v4.1,fdcf24b6463d1186,open,MYGN,"MYRIAD GENETICS, INC.",2835,824500000,5,2026-09-24T21:58:31.971Z
903129,2025-12-31,1198698884,1777783518,v3,1d6d871c1b411e76,open,THRM,Gentherm Inc,3714,1498602000,5,2026-09-20T13:12:46.028Z
903651,2025-12-31,260862911,510401396,v4.1,96017a10106a664a,open,INOD,INNODATA INC,7374,251663000,5,2026-09-24T20:42:08.817Z
903651,2025-12-31,292582618,470253858,v3,db6ca6887b505366,open,INOD,INNODATA INC,7374,251663000,5,2026-09-20T14:01:00.655Z
906107,2019-12-31,2238434324,3317543741,v3,325bc8f806b51e1b,void,VMRK,Vivmark Residential,6798,2701075000,5,2026-09-20T15:20:55.259Z
906709,2025-12-31,28467047,51115784,v3,ab31f70a2e62d0f1,open,NKTR,Nektar Therapeutics,2834,55232000,5,2026-09-20T15:18:50.710Z
907471,2025-09-30,640080169,1101357316,v2,2b32d8bb019dfd1a,open,CASH,"PATHWARD FINANCIAL, INC.",6021,839894000,5,2026-09-19T16:33:35.204Z
907471,2025-09-30,719223985,1155973843,v3,773bf8744b198db2,open,CASH,"PATHWARD FINANCIAL, INC.",6021,839894000,5,2026-09-20T14:13:59.743Z
907471,2025-09-30,778962066,1024815922,v4.1,7d8d22432b377add,open,CASH,"PATHWARD FINANCIAL, INC.",6021,839894000,5,2026-09-25T04:29:52.527Z
907471,2025-09-30,884639222,933707088,v1,7cfbc10d5097b04e,open,CASH,"PATHWARD FINANCIAL, INC.",6021,839894000,5,2026-09-19T16:27:03.073Z
908255,2025-12-31,11536278040,16095966883,v3,ea80618f977f56e4,open,BWA,BORGWARNER INC.,3714,14316000000,5,2026-09-20T13:12:30.127Z
908311,2025-12-31,91252665,146665984,v3,1c4c9465da2a5077,open,CMCT,CREATIVE MEDIA & COMMUNITY TRUST CORPORATION,6798,116669000,5,2026-09-20T15:21:59.115Z
910521,2026-03-31,4884223146,7238820347,v3,cdb7007cbec7bbe5,open,DECK,DECKERS OUTDOOR CORP,3021,5472296000,5,2026-09-20T15:21:27.283Z
912593,2025-12-31,1705103848,2799936082,v4.1,2985139c086c6e8a,open,SUI,"SUN COMMUNITIES, INC",6798,2306100000,5,2026-09-24T14:19:14.724Z
913760,2025-09-30,135297349821,194147588775,v3,c316d22c4a1e7cdb,open,SNEX,StoneX Group Inc.,6200,132378200000,5,2026-09-20T15:24:31.948Z
91388,2025-12-28,12792994199,18357558225,v3,697a8c92cb1e30fd,open,SFD,"SMITHFIELD FOODS, INC.",2011,15531000000,4,2026-09-20T15:20:52.381Z
914122,2026-01-31,205575940,330412242,v3,9c8a1c732e692303,open,PPIH,"Perma-Pipe International Holdings, Inc.",3564,210925000,5,2026-09-20T15:23:07.342Z
914208,2025-12-31,5246379587,7775565974,v3,56e6ddbcc3b0ebd3,open,IVZ,Invesco Ltd.,6282,6377100000,5,2026-09-20T15:22:40.684Z
915779,2026-05-02,709448122,1140261573,v3,2bbdf9be77a51479,open,DAKT,"Daktronics, Inc.",3990,838706000,5,2026-09-20T14:27:00.950Z
915779,2026-05-02,729704731,1066666492,v4.1,03cd393e5193a6f4,open,DAKT,"Daktronics, Inc.",3990,838706000,5,2026-09-24T15:21:45.839Z
915840,2025-09-30,1910181423,2831045949,v3,98560eadd478681d,open,BZH,BEAZER HOMES USA INC,1531,2371555000,5,2026-09-21T14:14:33.716Z
915840,2025-09-30,2118170731,2599955295,v4.1,1968feb32fac493b,open,BZH,BEAZER HOMES USA INC,1531,2371555000,5,2026-09-24T17:49:03.513Z
916076,2025-12-31,4874672464,7229599091,v2,9ef3e0dfdbf0fb72,open,MLM,MARTIN MARIETTA MATERIALS INC,1400,6150000000,5,2026-09-19T16:33:43.422Z
916076,2025-12-31,5100417065,7559237513,v3,8869875267bd75c8,open,MLM,MARTIN MARIETTA MATERIALS INC,1400,6150000000,5,2026-09-20T14:14:22.025Z
916076,2025-12-31,5523956474,7108019840,v4.1,60afcb62d986a3a1,open,MLM,MARTIN MARIETTA MATERIALS INC,1400,6150000000,5,2026-09-24T15:48:26.764Z
916076,2025-12-31,6349131643,6680060049,v1,a2714f50ebfdf138,open,MLM,MARTIN MARIETTA MATERIALS INC,1400,6150000000,5,2026-09-19T16:27:19.861Z
917251,2025-12-31,666099917,1070590105,v3,a00b0e28c1fb05a3,open,ADC,AGREE REALTY CORPORATION,6798,718398000,5,2026-09-23T14:36:32.267Z
917251,2025-12-31,725274062,943881907,v4.1,731e4bbcd855c893,open,ADC,AGREE REALTY CORPORATION,6798,718398000,5,2026-09-25T00:18:07.812Z
917273,2025-12-31,603573687,1038542246,v3,020f47bfe377c15c,open,RMBS,RAMBUS INC,3674,707630000,5,2026-09-20T13:12:47.845Z
917520,2025-12-31,1321111141,1957995350,v3,f650e5a2fc456031,open,IART,INTEGRA LIFESCIENCES HOLDINGS CORP,3841,1635245000,5,2026-09-20T15:21:57.958Z
918251,2026-03-31,651792130,1047593892,v3,5950af3f5f9f4701,open,MPAA,"MOTORCAR PARTS OF AMERICA, INC.",3714,789806000,5,2026-09-20T15:22:39.043Z
918541,2025-12-31,308949271,496559186,v3,64db428348a86643,open,NNBR,"NN, Inc.",3540,422207000,5,2026-09-20T14:19:57.516Z
918541,2025-12-31,334842019,439902240,v4.1,16818c537da30b3f,open,NNBR,"NN, Inc.",3540,422207000,5,2026-09-24T13:28:51.028Z
918965,2026-06-30,2577010939,3819342128,v3,8fa325ab5d460173,open,SCSC,"ScanSource, Inc.",5045,3226062000,5,2026-09-20T15:24:52.653Z
918965,2026-06-30,2729051618,3672972590,v4.1,c18496f2883a3ec9,open,SCSC,"ScanSource, Inc.",5045,3226062000,5,2026-09-24T18:30:26.643Z
919012,2026-01-31,4581457660,6790097000,v3,db189794322c6782,open,AEO,"American Eagle Outfitters, Inc.",5651,5547236000,5,2026-09-20T15:20:39.398Z
920148,2025-12-31,11733143862,16836705173,v3,92003f6d7a992123,open,LH,LABCORP HOLDINGS INC.,8071,13951700000,5,2026-09-20T15:19:24.445Z
920522,2025-12-31,1590109992,2356673768,v3,cffa42057fb28280,open,ESS,"ESSEX PROPERTY TRUST, INC.",6798,1887345000,5,2026-09-20T15:18:13.811Z
920760,2025-11-30,26611772692,38187085764,v3,ebab14d28e9de22e,open,LEN,LENNAR CORP /NEW/,1520,34186934000,5,2026-09-20T15:20:54.208Z
923601,2025-12-31,1029636,1848827,v3,eff0196579d68c99,open,RIME,"ALGORHYTHM HOLDINGS, INC.",7373,4391000,5,2026-09-22T14:26:00.416Z
923601,2025-12-31,766456,2474036,v4.1,44359724372c86ed,open,RIME,"ALGORHYTHM HOLDINGS, INC.",7373,4391000,5,2026-09-24T19:51:30.826Z
924805,2026-03-31,2172355651,3219609714,v3,a9191d79a24f40a1,open,FRHC,FREEDOM HOLDING CORP.,6211,2191291000,5,2026-09-20T15:22:49.309Z
926423,2026-01-31,30837385,55371994,v3,f87a00f69a42cb52,open,MIND,"MIND TECHNOLOGY, INC",3812,40947000,5,2026-09-20T15:19:40.796Z
927628,2025-12-31,52828644440,73709051427,v3,6b9554246880fa2d,open,COF,CAPITAL ONE FINANCIAL CORP,6021,53434000000,5,2026-09-20T13:12:33.703Z
927653,2026-03-31,359928282466,516486156342,v3,4ef8fc0e58f27403,open,MCK,McKESSON CORPORATION,5122,403430000000,5,2026-09-20T15:20:28.449Z
928054,2025-12-31,160512992,523811838,v4.1,50c787cd5be893ba,open,FTK,FLOTEK INDUSTRIES INC/CN,2890,237262000,5,2026-09-25T08:58:19.473Z
928054,2025-12-31,231335555,371814422,v3,68239759f85ee83c,open,FTK,FLOTEK INDUSTRIES INC/CN,2890,237262000,5,2026-09-20T15:22:49.854Z
929008,2025-12-31,19596571158,28120484574,v3,fda518a5648947a5,open,WCC,"WESCO International, Inc.",5063,23510900000,5,2026-09-22T14:26:00.482Z
929008,2025-12-31,21712058019,26437697678,v4.1,6e1b6f05106e09f4,open,WCC,"WESCO International, Inc.",5063,23510900000,5,2026-09-24T23:41:59.610Z
929351,2025-03-31,930178044,1378600353,v3,d7c79bbb5e5a4f10,void,STRZ,Starz Entertainment Corp.,7812,1369600000,5,2026-09-20T14:14:03.746Z
930420,2025-12-31,985604231,1460746520,v3,6ecd35bed6409ded,open,KFRC,Kforce Inc,7363,1329007000,5,2026-09-20T15:22:49.553Z
932781,2025-12-31,575464,1352616,v4.1,9b049cfaee6fa66f,open,FCCO,FIRST COMMUNITY CORPORATION,6022,922000,5,2026-09-24T15:36:22.963Z
932781,2025-12-31,661470,1187744,v3,2e5a348db9bf4bae,open,FCCO,FIRST COMMUNITY CORPORATION,6022,922000,5,2026-09-20T14:19:59.665Z
933034,2026-06-28,423142735,728082777,v2,f1af05f0e03906c1,open,STRT,Strattec Security Corporation,3714,579392000,5,2026-09-19T16:33:52.679Z
933034,2026-06-28,475462947,764188546,v3,cf4f11af8f959354,open,STRT,Strattec Security Corporation,3714,579392000,5,2026-09-20T14:04:03.326Z
933034,2026-06-28,515596192,676605902,v4.1,fe74f3017659dcb3,open,STRT,Strattec Security Corporation,3714,579392000,5,2026-09-24T13:33:04.994Z
933034,2026-06-28,594081204,616537833,v1,fd7790d7eb4ec54e,open,STRT,Strattec Security Corporation,3714,579392000,5,2026-09-19T16:27:39.048Z
933036,2025-12-31,3959526179,5868343401,v3,daadbfa1b1bc0b74,open,UPBD,"Upbound Group, Inc.",7359,4695061000,5,2026-09-23T14:35:14.586Z
933036,2025-12-31,4292115651,5513179726,v4.1,2c402ce5e0c36b3d,open,UPBD,"Upbound Group, Inc.",7359,4695061000,5,2026-09-24T13:33:15.695Z
93314,2025-12-31,1082735,6789279,v4.1,e327b5290f692b7f,open,VNRX,VolitionRx Limited,2835,1727384,5,2026-09-25T11:38:19.775Z
93314,2025-12-31,2015798,3619593,v3,83c2c1f676753dcd,open,VNRX,VolitionRx Limited,2835,1727384,5,2026-09-20T15:19:30.532Z
933974,2025-09-30,481993043,774684051,v3,f94ecdae3b37fa57,open,AZTA,"AZENTA, INC.",3559,593821000,5,2026-09-20T14:14:08.865Z
933974,2025-09-30,528162428,678490975,v4.1,e2772d646dc0f772,open,AZTA,"AZENTA, INC.",3559,593821000,5,2026-09-24T17:47:36.359Z
935419,2025-09-30,215987363,347146018,v3,5046de6b5ca5f90e,open,RICK,"RCI HOSPITALITY HOLDINGS, INC.",5812,279434000,5,2026-09-20T15:23:52.360Z
93556,2026-01-03,11645677538,16711193654,v3,cc6bb9a0f1ccc951,open,SWK,"STANLEY BLACK & DECKER, INC.",3420,15130400000,5,2026-09-20T15:18:54.216Z
936340,2017-12-31,10932168955,15687330502,v3,52df616f86186aa2,void,DTE,DTE ENERGY CO,4911,12607000000,5,2026-09-20T15:20:40.111Z
936468,2025-12-31,62290160931,89384489534,v3,f9e95f1670040e20,open,LMT,LOCKHEED MARTIN CORPORATION,3760,75048000000,5,2026-09-20T15:19:29.390Z
936528,2025-09-30,21360174,44360380,v4.1,7ecd83d04923b658,open,WAFD,"WAFD, INC.",6021,29650000,5,2026-09-25T04:56:51.737Z
936528,2025-09-30,23103245,41484476,v3,333badcf0d1a4f1b,open,WAFD,"WAFD, INC.",6021,29650000,5,2026-09-20T15:24:14.390Z
9389,2025-12-31,10977315500,15752114424,v3,23dbcb8f1ceafa3c,open,BALL,BALL CORPORATION,3411,13161000000,5,2026-09-20T14:04:04.143Z
939767,2026-01-02,2028883696,3006972479,v3,f2a99456b294da97,open,EXEL,Exelixis Inc,2836,2320126000,5,2026-09-20T15:21:41.090Z
940942,2024-12-31,3006724245,4456212583,v3,6b267f6c82a4988c,void,HUBG,"HUB GROUP, INC.",4731,3946390000,5,2026-09-20T14:11:00.336Z
944075,2025-12-31,9382540,16847405,v3,bcb7853768688c43,open,SCKT,"SOCKET MOBILE, INC.",3571,15078332,5,2026-09-20T15:18:51.491Z
944745,2025-12-31,13356737,23983523,v3,df9df579ae4af7d2,open,CIVB,"Civista Bancshares, Inc.",6022,19023000,5,2026-09-20T15:18:50.547Z
945394,2025-12-31,1343613269,1992705221,v2,b1b7d77d96bb6f18,open,SVC,SERVICE PROPERTIES TRUST,6798,1814838000,5,2026-09-19T16:33:53.842Z
945394,2025-12-31,1405835591,2083563953,v3,3731edfcb334cf9c,open,SVC,SERVICE PROPERTIES TRUST,6798,1814838000,5,2026-09-20T14:20:14.649Z
945394,2025-12-31,1485123068,2008651384,v4.1,17ff928ea4e078e8,open,SVC,SERVICE PROPERTIES TRUST,6798,1814838000,5,2026-09-24T16:57:32.381Z
945394,2025-12-31,1736300464,1904780419,v1,7883348ac4bee013,open,SVC,SERVICE PROPERTIES TRUST,6798,1814838000,5,2026-09-19T16:27:43.476Z
945841,2025-12-31,3910723065,5799971202,v3,bf1d6935c3af7ab0,open,POOL,POOL CORPORATION,5090,5289396000,5,2026-09-20T13:12:49.947Z
946581,2026-03-31,5974370984,8854509089,v3,d05728550cf06c19,open,TTWO,"TAKE-TWO INTERACTIVE SOFTWARE, INC.",7372,6656400000,5,2026-09-23T14:35:44.804Z
946581,2026-03-31,6350337456,8550735882,v4,7f1a489aa96dea61,open,TTWO,"TAKE-TWO INTERACTIVE SOFTWARE, INC.",7372,6656400000,5,2026-09-24T12:30:00.907Z
946644,2025-12-31,30962,113679,v4.1,834e7dc2e2197aa4,open,AIM,AIM IMMUNOTECH INC.,2836,88000,5,2026-09-25T04:56:35.725Z
946644,2025-12-31,44312,79566,v3,bbb0690c473951b3,open,AIM,AIM IMMUNOTECH INC.,2836,88000,5,2026-09-20T14:14:00.941Z
948320,2025-12-31,186005848,298958183,v3,ca1d8183ecf2f41b,open,LFMD,"LIFEMD, INC.",8011,194055198,5,2026-09-20T15:19:15.920Z
948708,2025-12-31,7314775,23999650,v4.1,654a8624d61eabc0,open,SMSI,"Smith Micro Software, Inc.",7372,17363000,5,2026-09-24T22:42:13.778Z
948708,2025-12-31,9905572,17786569,v3,a7346a00e3e91ca0,open,SMSI,"Smith Micro Software, Inc.",7372,17363000,5,2026-09-21T14:14:37.778Z
95029,2025-12-31,381564253,656540544,v2,8c8f3ea08e27e22f,open,RGR,"STURM, RUGER & COMPANY, INC.",3480,546057000,5,2026-09-19T16:33:48.146Z
95029,2025-12-31,428743423,689098519,v3,989b12a01af845b9,open,RGR,"STURM, RUGER & COMPANY, INC.",3480,546057000,5,2026-09-20T14:07:06.160Z
95029,2025-12-31,451892961,628445616,v4.1,f27dcdaf281ef08c,open,RGR,"STURM, RUGER & COMPANY, INC.",3480,546057000,5,2026-09-24T18:15:30.168Z
95029,2025-12-31,507700215,556673470,v1,8ab260cbcd4ba8e2,open,RGR,"STURM, RUGER & COMPANY, INC.",3480,546057000,5,2026-09-19T16:27:31.180Z
96021,2026-06-27,68631507388,95757961637,v3,63b599d0b5519650,open,SYY,SYSCO CORP,5140,84553000000,5,2026-09-20T13:12:44.554Z
96021,2026-06-27,74367718952,96250414082,v4.1,072217e459b49fd2,open,SYY,SYSCO CORP,5140,84553000000,5,2026-09-24T23:30:20.067Z
96536,2026-05-31,24032392,63306141,v4.1,a8725a3d8887f8b2,open,TAYD,"TAYLOR DEVICES, INC.",3569,41649673,5,2026-09-24T19:44:58.901Z
96536,2026-05-31,24032392,63306141,v4,d18c663681cc528e,open,TAYD,"TAYLOR DEVICES, INC.",3569,41649673,5,2026-09-24T12:40:06.083Z
96536,2026-05-31,29215442,52459613,v3,0698899ed2677867,open,TAYD,"TAYLOR DEVICES, INC.",3569,41649673,5,2026-09-20T14:27:07.181Z
97476,2025-12-31,14603458127,20955518987,v3,88b955bf34278cdb,open,TXN,TEXAS INSTRUMENTS INCORPORATED,3674,17682000000,5,2026-09-20T15:18:20.696Z
99302,2026-03-28,303811320,488301207,v3,d72ee10d27a9c849,open,TRNS,"Transcat, Inc.",3825,331877000,5,2026-09-20T15:18:50.092Z
